TransactionID;SaleDate;StoreID;ProductID;CustomerID;Quantity;UnitPrice;DiscountAmount;Returned;CostAmount
T000001;2025-05-08;S01;P005;C0143;2;4.15;0.83;0;4.81
T000002;2025-04-10;S05;P024;C0167;4;4.97;0;0;13.37
T000003;2025-08-29;S02;P013;C0175;3;3.62;0;0;7.7
T000004;2025-12-01;S04;P030;C0071;3;2.9;0;0;5.32
T000005;2025-06-19;S02;P007;C0117;4;5.79;0;0;16.38
T000006;2025-07-01;S03;P015;C0061;2;4.76;0;0;5.86
T000007;2025-12-05;S03;P007;C0022;1;5.85;0.29;0;3.66
T000008;2025-02-08;S01;P001;C0012;5;1.43;0.36;0;4.93
T000009;2025-02-15;S03;P014;C0143;1;4.05;0.81;0;2.45
T000010;2025-06-12;S05;P023;C0102;3;3.98;0;0;8.42
T000011;2025-09-22;S06;P010;C0114;2;1.45;0;0;1.78
T000012;2025-09-03;S05;P007;C0213;5;5.39;0;0;16.16
T000013;2025-06-19;S02;P021;C0074;1;2.6;0;0;1.55
T000014;2025-09-28;S04;P002;C0229;1;1.9;0;0;1.26
T000015;2025-02-24;S04;P004;C0044;5;3.25;0;0;9.96
T000016;2025-04-15;S01;P007;C0005;5;5.48;0;1;16.3
T000017;2025-09-09;S02;P014;C0042;4;4.22;0;0;11.84
T000018;2025-04-18;S01;P018;C0195;3;7.2;0;0;14.06
T000019;2025-10-16;S02;P028;C0089;3;1.3;0.78;0;2.68
T000020;2025-05-06;S01;P020;C0143;5;2.04;0.51;0;5.72
T000021;2025-12-09;S01;P028;C0169;2;1.39;0;0;1.88
T000022;2025-03-29;S02;P009;C0074;1;7.1;0;1;4.23
T000023;2025-10-04;S03;P006;C0089;3;4.62;0.69;0;8.1
T000024;2025-01-04;S05;P030;C0210;2;2.65;0;0;3.24
T000025;2025-11-27;S06;P017;C0139;2;5.85;0;0;7.26
T000026;2025-11-18;S03;P028;C0160;5;1.24;0;0;4.19
T000027;2025-07-18;S05;P006;C0029;1;4.74;0.71;0;3.06
T000028;2025-04-30;S06;P019;C0142;2;1.38;0;0;1.62
T000029;2025-07-12;S02;P022;C0170;1;3.43;0.51;0;2.14
T000030;2025-08-06;S03;P027;C0219;4;7.1;0;0;17.75
T000031;2025-06-12;S04;P026;C0119;3;6.18;0;0;13.08
T000032;2025-08-23;S06;P005;C0031;2;4.22;0;0;4.78
T000033;2025-09-07;S03;P010;C0002;2;1.41;0;0;1.87
T000034;2025-03-29;S04;P026;C0146;4;6.41;0;0;14.62
T000035;2025-12-24;S03;P019;C0193;1;1.39;0;0;0.82
T000036;2025-02-16;S06;P013;C0195;3;3.44;2.06;0;6.16
T000037;2025-01-06;S06;P015;C0142;1;5.15;0;0;3
T000038;2025-08-21;S01;P029;C0100;2;2.08;0;0;2.77
T000039;2025-07-17;S02;P008;C0200;2;6.82;0.68;0;8.91
T000040;2025-10-12;S06;P019;C0211;2;1.25;0;0;1.74
T000041;2025-11-05;S05;P026;C0096;1;6.41;0.32;0;4.2
T000042;2025-02-04;S06;P006;C0101;5;5.09;0;0;17.03
T000043;2025-08-24;S01;P021;C0039;5;2.64;0;0;8.58
T000044;2025-07-27;S04;P023;C0137;2;3.96;0;0;5.38
T000045;2025-03-14;S02;P006;C0114;3;4.74;2.84;0;8.02
T000046;2025-10-09;S05;P005;C0163;1;4.59;0;0;2.77
T000047;2025-07-24;S03;P024;C0227;1;5.06;0.76;0;2.85
T000048;2025-02-26;S05;P012;C0191;5;2.85;2.85;0;8.44
T000049;2025-09-11;S06;P023;C0187;5;4.43;0;1;13.56
T000050;2025-05-25;S02;P016;C0217;2;5.48;0.55;0;7.74
T000051;2025-02-03;S02;P030;C0002;2;2.95;0;0;3.75
T000052;2025-04-30;S01;P008;C0016;2;6.41;2.56;0;9.07
T000053;2025-01-19;S03;P015;C0161;3;4.51;2.03;0;8.25
T000054;2025-05-13;S02;P008;C0011;4;5.93;0;0;14.5
T000055;2025-06-03;S03;P028;C0172;4;1.28;0;0;3.18
T000056;2025-10-16;S02;P026;C0109;3;6.66;2;0;12.89
T000057;2025-10-22;S04;P011;C0057;2;2.17;0;0;2.78
T000058;2025-04-30;S01;P007;C0142;3;6.14;0.92;0;10.78
T000059;2025-05-06;S06;P019;C0006;4;1.43;0.86;0;3.94
T000060;2025-12-13;S06;P010;C0107;5;1.46;1.09;0;4.13
T000061;2025-05-28;S04;P014;C0230;4;4.27;2.56;0;11.48
T000062;2025-10-02;S04;P016;C0233;2;5.79;1.74;0;7.19
T000063;2025-12-26;S03;P008;C0107;2;6.79;2.04;0;8.67
T000064;2025-04-18;S03;P016;C0195;1;6.17;0.62;0;4.08
T000065;2025-01-19;S05;P009;C0127;3;6.78;0;0;14.01
T000066;2025-01-13;S02;P019;C0108;1;1.35;0;0;0.75
T000067;2025-11-29;S06;P019;C0142;1;1.36;0;0;0.91
T000068;2025-09-27;S05;P020;C0166;2;2.1;0.63;0;2.47
T000069;2025-02-25;S05;P027;C0123;5;7.37;5.53;0;22.84
T000070;2025-03-31;S03;P006;C0062;3;4.83;0;0;9.06
T000071;2025-09-17;S03;P029;C0041;4;1.95;0;0;5.47
T000072;2025-02-09;S03;P024;C0201;1;5.04;0;0;3.24
T000073;2025-11-25;S04;P001;C0024;3;1.29;0;0;2.41
T000074;2025-09-05;S02;P012;C0052;5;2.75;0.69;0;7.92
T000075;2025-05-05;S01;P009;C0227;2;6.86;2.06;1;8.33
T000076;2025-11-01;S04;P009;C0143;3;7.44;2.23;0;14.72
T000077;2025-05-09;S03;P017;C0006;2;6.68;0;0;8.43
T000078;2025-05-08;S04;P011;C0106;3;2;0;0;4.06
T000079;2025-04-18;S04;P011;C0002;5;2.01;1.01;0;6.64
T000080;2025-11-02;S04;P012;C0134;4;2.58;2.06;0;6.48
T000081;2025-11-24;S01;P021;C0209;1;2.62;0;0;1.78
T000082;2025-05-19;S06;P019;C0034;1;1.27;0.19;0;0.73
T000083;2025-05-05;S04;P005;C0144;4;4.48;0;0;11.06
T000084;2025-06-18;S02;P004;C0124;2;3.36;1.01;0;4.3
T000085;2025-12-20;S05;P030;C0223;2;2.95;0;0;3.39
T000086;2025-05-17;S05;P006;C0155;3;5.22;0;0;10.87
T000087;2025-03-10;S02;P004;C0221;5;3.37;0;0;10.53
T000088;2025-12-31;S01;P008;C0214;4;6.72;0;0;15.12
T000089;2025-11-21;S04;P001;C0237;1;1.31;0.2;0;0.79
T000090;2025-02-10;S04;P014;C0126;5;4.21;3.16;0;14.51
T000091;2025-09-23;S03;P027;C0110;4;7.39;0;0;16.81
T000092;2025-01-13;S04;P002;C0189;2;2.18;0;0;2.55
T000093;2025-11-05;S04;P020;C0187;2;2.24;0;0;2.87
T000094;2025-10-11;S02;P029;C0191;1;1.96;0;0;1.28
T000095;2025-01-29;S01;P024;C0019;4;5.12;0;1;13.58
T000096;2025-02-07;S06;P004;C0128;1;3.23;0;0;1.82
T000097;2025-06-07;S06;P009;C0011;5;6.52;0;0;21.5
T000098;2025-05-27;S05;P012;C0137;4;2.79;0;0;7.56
T000099;2025-10-14;S01;P018;C0096;5;7.58;0;0;23.9
T000100;2025-07-08;S03;P002;C0206;4;2.07;0.83;0;4.71
T000101;2025-07-01;S01;P025;C0010;4;6.04;0;0;14.76
T000102;2025-11-26;S03;P007;C0172;4;5.17;3.1;0;13.13
T000103;2025-08-13;S01;P013;C0180;5;3.79;0;0;13.07
T000104;2025-11-03;S03;P009;C0059;3;7.12;1.07;0;14.26
T000105;2025-07-13;S02;P007;C0121;1;5.28;0;0;3.55
T000106;2025-01-13;S05;P028;C0208;5;1.35;0;0;4.75
T000107;2025-01-01;S01;P012;C0238;1;2.78;0;0;1.77
T000108;2025-02-13;S06;P014;C0069;1;4.08;0;0;2.7
T000109;2025-09-08;S03;P011;C0100;2;1.99;0;0;2.79
T000110;2025-05-07;S06;P028;C0228;5;1.38;0;0;3.92
T000111;2025-01-07;S05;P022;C0090;2;3.22;1.29;0;4.22
T000112;2025-01-21;S02;P027;C0002;3;7.27;0;0;12
T000113;2025-04-10;S06;P014;C0140;4;4.54;0;0;10.61
T000114;2025-10-05;S04;P027;C0049;3;7.06;0;0;14.29
T000115;2025-10-07;S01;P013;C0009;3;3.65;0;0;7.32
T000116;2025-03-12;S01;P016;C0069;4;6.05;1.21;0;15.6
T000117;2025-11-21;S01;P027;C0005;2;7.47;0;0;9.8
T000118;2025-02-22;S03;P013;C0035;1;3.24;0;0;1.83
T000119;2025-06-26;S05;P024;C0118;1;4.62;0;0;2.92
T000120;2025-06-16;S05;P018;C0173;2;7.06;0.71;0;9.7
T000121;2025-03-25;S06;P025;C0028;5;5.91;1.48;0;17.9
T000122;2025-02-08;S02;P008;C0180;5;5.93;1.48;0;16.42
T000123;2025-06-05;S04;P002;C0203;5;1.9;1.43;0;6.29
T000124;2025-08-28;S06;P010;C0182;5;1.27;0;0;4.3
T000125;2025-09-18;S03;P005;C0152;1;4.31;0;0;2.51
T000126;2025-04-19;S05;P016;C0123;1;5.99;0;0;4
T000127;2025-05-05;S02;P010;C0013;3;1.41;0.21;0;2.96
T000128;2025-08-16;S06;P027;C0107;4;7.75;0;0;18.41
T000129;2025-11-15;S04;P002;C0054;5;1.89;1.42;0;6.45
T000130;2025-06-01;S02;P016;C0160;1;5.56;0;1;3.8
T000131;2025-01-01;S06;P016;C0134;3;5.52;0;0;9.77
T000132;2025-10-19;S01;P014;C0124;5;3.87;3.87;0;10.85
T000133;2025-11-16;S06;P020;C0144;1;2;0;0;1.11
T000134;2025-10-16;S03;P003;C0047;4;3.01;1.81;0;8.4
T000135;2025-01-20;S01;P005;C0141;3;4.24;0;0;7.38
T000136;2025-04-30;S05;P003;C0141;2;2.54;0;0;3.03
T000137;2025-07-22;S03;P006;C0043;1;5.23;0;0;2.9
T000138;2025-04-21;S03;P030;C0009;5;2.84;0;0;9.64
T000139;2025-08-18;S03;P005;C0199;4;4.32;3.46;0;11.32
T000140;2025-01-10;S03;P022;C0005;4;3.44;0;0;7.69
T000141;2025-04-20;S01;P005;C0109;2;4.07;0;0;4.61
T000142;2025-11-30;S05;P024;C0054;1;4.98;0.5;0;3.04
T000143;2025-09-23;S01;P019;C0210;5;1.24;0.93;0;4.08
T000144;2025-04-11;S06;P010;C0060;1;1.24;0;1;0.76
T000145;2025-05-25;S04;P024;C0029;4;5.14;2.06;0;14.56
T000146;2025-07-06;S02;P019;C0072;5;1.37;0;0;4.22
T000147;2025-04-20;S04;P010;C0155;4;1.39;0;0;3.49
T000148;2025-10-29;S01;P024;C0013;5;5.19;1.3;0;15.3
T000149;2025-03-03;S05;P024;C0024;4;5.32;0;0;12.95
T000150;2025-10-31;S02;P020;C0148;5;2.25;0.56;0;6.58
T000151;2025-04-26;S03;P009;C0112;4;7.08;0;0;16.01
T000152;2025-04-08;S05;P026;C0140;5;6.79;0;0;21.97
T000153;2025-04-28;S06;P003;C0161;1;2.63;0;0;1.71
T000154;2025-05-29;S01;P023;C0077;4;4.22;0;0;10.01
T000155;2025-08-10;S04;P030;C0157;5;2.86;0;0;8.51
T000156;2025-10-22;S01;P008;C0010;2;6.79;0;0;9.36
T000157;2025-02-24;S03;P026;C0029;4;5.83;0;0;14.18
T000158;2025-03-25;S02;P007;C0086;5;5.78;2.89;0;18.77
T000159;2025-09-23;S03;P020;C0164;5;2;0;0;5.77
T000160;2025-12-19;S04;P007;C0184;3;5.91;0;0;10.11
T000161;2025-01-26;S03;P015;C0200;5;4.92;0;0;13.96
T000162;2025-11-29;S06;P020;C0158;3;1.98;0;0;3.74
T000163;2025-02-07;S01;P021;C0166;5;2.63;1.32;0;7.25
T000164;2025-04-14;S04;P018;C0207;4;6.49;0;0;18.28
T000165;2025-09-06;S02;P007;C0095;3;5.24;0;0;9.06
T000166;2025-11-08;S06;P022;C0108;3;3.57;1.61;0;5.9
T000167;2025-03-14;S06;P010;C0197;2;1.25;0.38;0;1.67
T000168;2025-06-15;S01;P003;C0219;3;3.01;0;0;5.92
T000169;2025-01-14;S06;P022;C0070;3;3.23;0;0;5.36
T000170;2025-10-24;S03;P002;C0176;3;2.25;0;0;4.61
T000171;2025-08-07;S06;P027;C0174;4;7.05;4.23;0;17.7
T000172;2025-01-10;S06;P025;C0126;1;5.76;0.29;0;3.72
T000173;2025-10-30;S02;P011;C0233;2;1.94;0;0;2.69
T000174;2025-05-23;S04;P014;C0077;4;4.21;0.84;0;11.64
T000175;2025-08-07;S03;P006;C0182;1;5.13;0;0;2.83
T000176;2025-09-23;S02;P018;C0183;4;6.95;0;0;17.82
T000177;2025-05-29;S01;P028;C0063;3;1.41;0;0;2.51
T000178;2025-03-31;S02;P030;C0231;4;2.61;0;0;5.9
T000179;2025-09-07;S02;P014;C0142;2;4.53;0;0;5.2
T000180;2025-04-25;S03;P030;C0144;4;2.73;1.09;0;6.07
T000181;2025-05-01;S02;P024;C0097;1;4.91;0.25;0;3.45
T000182;2025-11-12;S03;P025;C0066;1;5.92;0.59;0;3.61
T000183;2025-09-20;S05;P003;C0134;5;2.66;0.67;0;9.23
T000184;2025-04-22;S02;P015;C0024;1;4.69;0;0;2.9
T000185;2025-12-23;S02;P014;C0209;5;3.94;0;0;11.11
T000186;2025-01-03;S06;P029;C0180;3;2.24;1.34;0;3.85
T000187;2025-10-09;S03;P008;C0060;3;5.93;0;0;10.78
T000188;2025-09-01;S05;P013;C0206;1;3.22;0;0;1.82
T000189;2025-11-23;S01;P026;C0101;2;6.88;0;0;9
T000190;2025-12-19;S03;P017;C0208;4;6.24;2.5;0;14.69
T000191;2025-03-11;S03;P009;C0149;1;7.02;0.7;0;4.02
T000192;2025-10-24;S06;P025;C0080;5;5.81;0;1;18.66
T000193;2025-06-25;S02;P023;C0186;2;4.31;0;0;5.87
T000194;2025-02-01;S06;P006;C0036;3;4.6;0;0;9.39
T000195;2025-08-04;S01;P008;C0120;4;6.88;0;1;18.63
T000196;2025-12-22;S03;P010;C0002;3;1.43;0;0;2.75
T000197;2025-11-19;S06;P026;C0114;1;6.81;1.36;0;4.2
T000198;2025-04-23;S06;P026;C0037;2;6.4;1.92;0;7.92
T000199;2025-05-03;S01;P020;C0106;2;2.06;0.21;0;2.77
T000200;2025-06-29;S03;P015;C0204;2;4.93;0;0;5.91
T000201;2025-06-25;S02;P013;C0156;4;3.63;0;0;9.52
T000202;2025-02-05;S05;P030;C0048;3;2.96;0;0;5.76
T000203;2025-05-24;S06;P009;C0011;3;7.31;3.29;0;12.4
T000204;2025-01-27;S03;P025;C0099;1;5.61;0;0;3.44
T000205;2025-07-19;S01;P003;C0023;3;2.78;0;0;4.85
T000206;2025-03-12;S02;P004;C0184;3;3.52;0.53;0;6.91
T000207;2025-04-13;S04;P005;C0106;5;4.29;4.29;0;14.93
T000208;2025-05-20;S01;P017;C0088;4;6.09;1.22;0;16.21
T000209;2025-04-23;S05;P030;C0134;2;2.64;0;0;2.99
T000210;2025-05-20;S01;P017;C0176;3;6.55;0;0;13.47
T000211;2025-06-13;S03;P028;C0041;1;1.41;0.07;0;0.78
T000212;2025-09-05;S03;P024;C0027;4;5.37;3.22;0;12.59
T000213;2025-03-09;S04;P007;C0136;3;6.14;0;0;10.43
T000214;2025-12-05;S05;P030;C0002;1;2.94;0.29;0;1.79
T000215;2025-01-30;S03;P003;C0032;5;2.95;0.74;0;9.48
T000216;2025-06-08;S01;P009;C0093;2;6.95;0;0;8.22
T000217;2025-05-21;S03;P007;C0169;1;5.7;1.14;0;3.67
T000218;2025-08-28;S02;P012;C0144;4;2.78;0;0;6.63
T000219;2025-09-27;S02;P030;C0003;1;2.93;0;0;1.73
T000220;2025-07-06;S04;P028;C0011;2;1.31;0.39;0;1.44
T000221;2025-12-09;S06;P030;C0190;5;2.66;0;0;7.79
T000222;2025-11-03;S05;P020;C0133;2;1.96;0.78;0;2.44
T000223;2025-12-13;S05;P007;C0008;1;5.33;1.07;0;3.46
T000224;2025-05-06;S03;P029;C0005;1;2.01;0;0;1.3
T000225;2025-09-13;S02;P003;C0146;2;2.95;0;0;3.56
T000226;2025-08-09;S04;P020;C0171;5;2.01;0;0;5.7
T000227;2025-02-11;S06;P004;C0104;2;3.24;0;0;3.76
T000228;2025-01-14;S01;P020;C0117;1;1.99;0;0;1.15
T000229;2025-10-03;S01;P014;C0158;3;4.26;0.64;0;8.92
T000230;2025-11-11;S04;P029;C0208;1;2.24;0;0;1.43
T000231;2025-10-10;S03;P016;C0087;1;5.83;0;0;3.38
T000232;2025-05-20;S02;P007;C0091;2;5.8;0.58;0;7.65
T000233;2025-12-02;S05;P022;C0092;3;3.6;0;0;7.62
T000234;2025-11-28;S04;P008;C0203;3;6.25;1.88;0;12.94
T000235;2025-05-29;S05;P011;C0227;4;2.13;1.7;0;5.07
T000236;2025-03-17;S05;P027;C0063;1;6.76;0;0;3.99
T000237;2025-07-02;S04;P020;C0230;5;2.02;0;0;5.62
T000238;2025-05-03;S01;P014;C0124;1;3.9;0;0;2.73
T000239;2025-02-06;S04;P013;C0163;3;3.52;0.53;0;6.1
T000240;2025-08-10;S01;P023;C0231;1;4.46;0;0;2.82
T000241;2025-05-02;S02;P027;C0134;3;6.7;0;0;11.13
T000242;2025-12-16;S06;P011;C0017;3;2.14;0;0;4.17
T000243;2025-07-10;S05;P010;C0046;4;1.41;0;0;3.93
T000244;2025-11-10;S05;P009;C0164;2;7.71;0;0;9.02
T000245;2025-07-29;S01;P006;C0196;1;4.89;0;0;3.11
T000246;2025-08-19;S06;P006;C0004;5;5.08;2.54;0;17.6
T000247;2025-05-11;S06;P003;C0119;3;2.95;1.77;0;5.26
T000248;2025-06-18;S02;P021;C0047;2;2.98;0.6;0;4.05
T000249;2025-08-27;S01;P024;C0182;5;4.55;0;1;12.76
T000250;2025-08-12;S06;P026;C0145;5;6.63;6.63;0;21.44
T000251;2025-09-11;S04;P010;C0181;5;1.3;0;0;4.57
T000252;2025-01-03;S02;P003;C0129;2;2.62;0;0;2.89
T000253;2025-08-08;S05;P002;C0049;2;1.95;0;0;2.34
T000254;2025-09-07;S01;P030;C0144;4;2.94;0;0;7.45
T000255;2025-11-21;S03;P008;C0118;3;6.64;1;0;13.73
T000256;2025-09-05;S06;P002;C0085;2;2.1;0;0;2.35
T000257;2025-09-12;S05;P007;C0129;5;5.53;5.53;0;18.28
T000258;2025-02-07;S03;P013;C0160;3;3.39;0;0;6.72
T000259;2025-09-24;S04;P015;C0036;1;4.95;0.74;0;3.49
T000260;2025-08-01;S04;P002;C0028;1;1.97;0;0;1.37
T000261;2025-11-04;S05;P011;C0101;2;1.98;0;0;2.23
T000262;2025-01-16;S06;P001;C0108;1;1.31;0.13;0;0.87
T000263;2025-01-27;S05;P007;C0133;2;5.46;0;0;6.67
T000264;2025-12-02;S05;P023;C0088;2;4.23;0;0;5.1
T000265;2025-12-20;S04;P001;C0113;5;1.33;0;0;4.37
T000266;2025-02-07;S04;P027;C0190;1;6.92;1.04;0;4.18
T000267;2025-11-02;S02;P014;C0021;5;4.08;0;0;11.76
T000268;2025-02-22;S04;P014;C0235;3;4.4;0;0;7.78
T000269;2025-01-26;S01;P005;C0062;1;4.28;0;0;2.56
T000270;2025-03-03;S04;P024;C0032;3;5.36;0;0;10.09
T000271;2025-10-07;S05;P012;C0197;1;3.03;0;0;1.94
T000272;2025-03-12;S06;P023;C0132;3;4.12;0;0;7.05
T000273;2025-09-14;S03;P009;C0180;5;7.1;0;0;22.28
T000274;2025-06-04;S06;P007;C0228;5;5.3;0;0;16.97
T000275;2025-04-29;S03;P003;C0240;3;2.89;0;0;5.44
T000276;2025-05-12;S03;P029;C0108;2;2.17;0;0;2.92
T000277;2025-12-27;S01;P024;C0093;5;5.06;2.53;0;16.72
T000278;2025-10-05;S03;P022;C0010;2;3.75;1.5;0;4.44
T000279;2025-06-21;S03;P003;C0025;3;2.85;0;0;5.36
T000280;2025-04-28;S02;P028;C0036;4;1.36;1.09;0;3.37
T000281;2025-09-12;S03;P007;C0049;2;5.99;1.2;0;7.91
T000282;2025-08-13;S01;P008;C0097;2;6.04;0;0;7.44
T000283;2025-04-20;S03;P025;C0099;2;5.23;0;0;6.44
T000284;2025-10-01;S03;P025;C0073;4;5.42;3.25;1;13.51
T000285;2025-11-29;S02;P009;C0108;5;7.02;3.51;0;21.36
T000286;2025-12-03;S01;P004;C0146;1;3.25;0;0;1.92
T000287;2025-12-21;S01;P022;C0237;3;3.82;0;0;7.92
T000288;2025-08-21;S03;P018;C0053;2;7.2;2.16;0;10.22
T000289;2025-09-05;S02;P027;C0064;2;6.95;0;0;7.83
T000290;2025-01-08;S02;P009;C0234;2;7.1;0;0;9.01
T000291;2025-07-12;S04;P008;C0010;5;6.32;0;0;19.11
T000292;2025-12-04;S04;P019;C0045;3;1.27;0.57;0;2.52
T000293;2025-12-29;S04;P012;C0081;5;2.99;0;0;9.87
T000294;2025-08-24;S05;P014;C0174;2;4.18;1.67;0;5.31
T000295;2025-10-10;S05;P014;C0036;2;4.28;0;0;5.22
T000296;2025-07-21;S03;P021;C0187;4;2.87;0;0;7.04
T000297;2025-01-07;S04;P020;C0169;3;2.11;0.95;0;4.11
T000298;2025-01-09;S04;P009;C0180;3;6.99;0;0;13.1
T000299;2025-11-17;S02;P007;C0167;3;5.78;0;0;10.7
T000300;2025-06-13;S06;P003;C0107;4;3;1.2;0;7.58
T000301;2025-07-25;S06;P013;C0189;1;3.76;0;0;2.47
T000302;2025-06-19;S04;P030;C0120;3;3.01;0;0;5.05
T000303;2025-09-04;S05;P025;C0048;3;5.9;0;0;11
T000304;2025-11-03;S06;P001;C0234;1;1.38;0.14;0;0.82
T000305;2025-01-14;S01;P025;C0050;1;6.18;0.93;0;3.73
T000306;2025-03-29;S02;P015;C0118;2;5.17;0;0;7.22
T000307;2025-09-24;S06;P018;C0191;1;7.64;0;0;5.15
T000308;2025-04-08;S02;P030;C0105;5;2.86;0.72;0;10.08
T000309;2025-10-01;S05;P015;C0232;2;5.07;0;0;5.97
T000310;2025-06-15;S03;P005;C0231;4;4.15;1.66;0;9.85
T000311;2025-02-11;S06;P018;C0218;5;6.55;0;0;22.95
T000312;2025-01-11;S01;P025;C0170;5;5.51;0;0;17.47
T000313;2025-07-06;S06;P015;C0186;1;5.01;0;0;2.95
T000314;2025-11-09;S06;P011;C0207;3;2.04;1.22;0;3.62
T000315;2025-01-05;S04;P017;C0106;5;5.88;0;0;18.93
T000316;2025-02-02;S04;P004;C0215;5;3.74;0;0;11.16
T000317;2025-04-17;S01;P007;C0001;5;5.45;0;0;17.77
T000318;2025-05-16;S04;P015;C0061;5;5.2;3.9;0;15.37
T000319;2025-01-27;S02;P009;C0032;3;6.51;0;0;11.51
T000320;2025-04-07;S01;P007;C0174;1;5.72;0.86;0;3.88
T000321;2025-02-21;S05;P008;C0210;3;6.7;2.01;0;11.24
T000322;2025-12-30;S03;P011;C0178;2;2;0;0;2.38
T000323;2025-03-14;S01;P008;C0210;2;6.39;0;0;8.19
T000324;2025-03-14;S02;P030;C0110;4;2.6;0;0;6.65
T000325;2025-12-20;S06;P027;C0049;4;6.48;5.18;0;17.3
T000326;2025-03-23;S03;P025;C0026;2;6.15;0;0;6.88
T000327;2025-03-05;S05;P010;C0033;5;1.36;0.34;0;4.71
T000328;2025-11-06;S04;P022;C0186;1;3.33;0;0;1.85
T000329;2025-05-18;S06;P013;C0064;4;3.77;0;0;9.25
T000330;2025-04-16;S01;P024;C0156;2;4.63;0.93;0;5.97
T000331;2025-05-05;S03;P003;C0113;2;2.83;0.28;0;3.18
T000332;2025-01-27;S01;P016;C0138;3;5.97;0;0;11.66
T000333;2025-06-20;S06;P010;C0147;1;1.25;0.25;1;0.83
T000334;2025-09-13;S01;P011;C0229;1;2.1;0;0;1.21
T000335;2025-11-02;S05;P015;C0184;2;5.29;0;0;7.22
T000336;2025-02-27;S01;P026;C0131;1;6.05;0.6;0;3.91
T000337;2025-11-11;S06;P008;C0167;4;6.86;0;0;18.79
T000338;2025-01-24;S01;P021;C0109;3;2.62;0;0;5.32
T000339;2025-05-15;S01;P011;C0032;3;2.23;0;0;4.55
T000340;2025-10-21;S04;P017;C0061;2;6.83;0;0;8.68
T000341;2025-06-12;S06;P010;C0240;3;1.42;0;0;2.84
T000342;2025-02-20;S02;P017;C0110;1;6.24;0;0;4.39
T000343;2025-03-08;S01;P013;C0107;2;3.69;0;0;4.32
T000344;2025-12-18;S01;P006;C0097;3;5.37;3.22;0;9.99
T000345;2025-02-12;S05;P019;C0240;4;1.26;0;0;3.21
T000346;2025-05-27;S06;P029;C0053;1;1.89;0.19;0;1.09
T000347;2025-07-23;S02;P006;C0091;3;4.62;2.77;0;7.77
T000348;2025-03-22;S05;P021;C0223;4;2.92;0;0;7.63
T000349;2025-01-30;S05;P027;C0050;5;6.63;6.63;0;23.1
T000350;2025-07-21;S06;P015;C0218;4;5;0;0;12.94
T000351;2025-10-16;S02;P020;C0029;4;2.23;0;0;6.12
T000352;2025-12-05;S03;P030;C0222;3;2.55;0;1;5.19
T000353;2025-08-28;S04;P002;C0150;1;2.15;0;0;1.39
T000354;2025-02-21;S06;P019;C0204;1;1.24;0;0;0.79
T000355;2025-09-15;S03;P023;C0005;5;4.06;1.02;0;13.21
T000356;2025-01-08;S06;P029;C0089;1;2.2;0.44;0;1.24
T000357;2025-07-06;S02;P021;C0216;3;2.89;1.3;0;5.13
T000358;2025-05-15;S05;P005;C0193;3;4.04;0;0;7.02
T000359;2025-07-19;S03;P001;C0154;5;1.34;0.67;0;4.57
T000360;2025-03-08;S03;P023;C0130;5;4.05;0;0;11.97
T000361;2025-06-19;S06;P018;C0101;3;6.97;0;0;12.62
T000362;2025-03-19;S05;P005;C0160;5;3.98;3.98;0;12.69
T000363;2025-06-17;S03;P012;C0239;1;3.02;0.3;0;1.98
T000364;2025-11-20;S03;P019;C0160;5;1.39;0;0;3.95
T000365;2025-12-27;S02;P024;C0199;4;4.69;3.75;0;10.87
T000366;2025-01-29;S06;P026;C0144;4;6.78;4.07;1;18.78
T000367;2025-03-26;S05;P003;C0057;1;2.9;0;0;2
T000368;2025-08-15;S01;P009;C0210;4;7.55;4.53;0;19.57
T000369;2025-09-10;S04;P027;C0022;4;7.15;0;0;19.45
T000370;2025-08-17;S06;P027;C0213;5;7.66;7.66;1;21.08
T000371;2025-07-30;S01;P014;C0204;5;4.54;0;0;15.37
T000372;2025-01-10;S01;P008;C0133;2;6.28;0;1;7.04
T000373;2025-09-13;S01;P012;C0119;4;2.68;1.07;0;6.93
T000374;2025-08-25;S03;P001;C0149;4;1.29;0;0;3.24
T000375;2025-03-20;S06;P007;C0035;3;5.35;0;0;9.35
T000376;2025-09-19;S06;P015;C0165;2;5.06;0;0;6.93
T000377;2025-04-11;S05;P005;C0166;4;4.04;0;1;9.22
T000378;2025-12-03;S02;P020;C0177;2;1.94;0;0;2.17
T000379;2025-04-07;S03;P017;C0086;3;6.68;1;0;13.32
T000380;2025-06-14;S05;P023;C0165;4;4.19;3.35;0;10.71
T000381;2025-10-23;S01;P010;C0171;4;1.43;0.29;0;3.47
T000382;2025-01-11;S02;P021;C0138;2;3;0;0;3.77
T000383;2025-05-09;S05;P030;C0020;2;2.63;0;0;3.27
T000384;2025-07-08;S05;P011;C0117;1;2.09;0;0;1.35
T000385;2025-10-28;S06;P028;C0183;4;1.3;0.52;0;2.96
T000386;2025-04-11;S06;P028;C0121;2;1.45;0;0;1.89
T000387;2025-02-12;S06;P004;C0022;4;3.32;0;0;7.48
T000388;2025-11-25;S06;P014;C0188;4;4.12;0;0;10.37
T000389;2025-04-04;S02;P007;C0149;1;5.92;0;0;4.2
T000390;2025-07-19;S06;P015;C0099;5;4.55;0;0;14.19
T000391;2025-07-20;S04;P025;C0072;1;5.64;0;0;3.25
T000392;2025-06-15;S01;P018;C0132;5;7.08;0;0;24.3
T000393;2025-11-24;S05;P012;C0029;2;2.86;0;0;3.35
T000394;2025-10-10;S02;P002;C0013;5;2.23;1.67;0;6.42
T000395;2025-07-28;S04;P028;C0043;5;1.3;0;0;3.88
T000396;2025-04-17;S03;P001;C0140;1;1.26;0;0;0.73
T000397;2025-12-03;S05;P011;C0232;3;2.01;0;0;3.82
T000398;2025-03-02;S04;P002;C0178;2;2.21;0.44;0;2.46
T000399;2025-10-06;S06;P019;C0175;5;1.33;1;0;3.7
T000400;2025-06-23;S04;P023;C0078;1;4.18;0;0;2.5
T000401;2025-10-04;S01;P011;C0190;3;2.14;0;0;3.62
T000402;2025-06-01;S03;P012;C0165;5;2.63;1.32;0;9.09
T000403;2025-09-09;S05;P020;C0023;2;2.22;0;0;2.93
T000404;2025-01-11;S06;P003;C0194;4;2.91;0;0;7.93
T000405;2025-05-04;S03;P005;C0072;1;3.95;0;0;2.3
T000406;2025-09-10;S02;P012;C0006;4;2.88;0.58;0;6.6
T000407;2025-02-15;S05;P009;C0177;3;6.61;0.99;0;13.99
T000408;2025-09-12;S04;P019;C0007;2;1.23;0;0;1.46
T000409;2025-09-25;S03;P004;C0060;2;3.31;0.33;0;4.63
T000410;2025-03-08;S02;P025;C0144;5;5.81;0;0;17.81
T000411;2025-10-14;S06;P023;C0069;2;4.46;1.78;0;5.86
T000412;2025-03-11;S05;P022;C0130;1;3.27;0;0;2.28
T000413;2025-04-27;S03;P027;C0048;2;7.42;0.74;0;9.84
T000414;2025-12-25;S01;P010;C0028;4;1.32;0.53;0;3.73
T000415;2025-03-05;S03;P030;C0006;5;3.01;0.75;0;9.45
T000416;2025-02-15;S05;P013;C0146;3;3.71;0.56;0;7.82
T000417;2025-05-25;S05;P014;C0015;2;4.04;0;0;5.14
T000418;2025-01-23;S01;P003;C0095;4;2.7;0;0;6.85
T000419;2025-08-28;S03;P029;C0196;1;2.05;0;0;1.32
T000420;2025-03-19;S06;P011;C0226;4;2.21;0;0;5.57
T000421;2025-01-11;S05;P020;C0207;5;2.06;0;0;6.92
T000422;2025-10-19;S01;P020;C0214;1;2.19;0.33;0;1.21
T000423;2025-06-15;S01;P014;C0167;3;4.35;2.61;0;9.1
T000424;2025-02-05;S06;P026;C0209;3;6.2;0;0;12.98
T000425;2025-10-25;S01;P019;C0079;3;1.31;0;0;2.5
T000426;2025-07-22;S03;P012;C0003;4;2.98;0;0;7.17
T000427;2025-02-15;S04;P021;C0134;2;2.68;0;0;3.44
T000428;2025-09-09;S03;P015;C0222;4;4.55;2.73;0;12.58
T000429;2025-12-20;S02;P014;C0042;5;4.52;4.52;0;14.57
T000430;2025-10-12;S03;P020;C0232;4;2.11;0;0;5.39
T000431;2025-09-15;S05;P025;C0192;2;5.47;0;0;6.73
T000432;2025-03-10;S06;P020;C0217;3;2.22;0;1;3.96
T000433;2025-12-08;S06;P005;C0149;4;4.03;0;0;11.25
T000434;2025-12-28;S06;P029;C0159;2;1.9;0;0;2.17
T000435;2025-03-06;S03;P010;C0117;5;1.26;1.26;0;3.79
T000436;2025-11-20;S01;P006;C0074;2;5.22;0;1;6.72
T000437;2025-03-05;S02;P016;C0143;2;5.62;0;0;7.66
T000438;2025-07-11;S02;P027;C0215;5;7.61;0;1;26.94
T000439;2025-06-14;S04;P014;C0234;1;3.92;0;0;2.73
T000440;2025-11-16;S03;P025;C0193;1;5.98;0.3;0;4.09
T000441;2025-09-15;S02;P017;C0184;2;5.87;1.76;0;6.48
T000442;2025-02-13;S04;P020;C0002;4;1.99;0;0;5.59
T000443;2025-06-16;S04;P026;C0190;5;6.33;0;0;18.82
T000444;2025-02-18;S05;P001;C0068;3;1.39;0;0;2.76
T000445;2025-12-04;S02;P011;C0141;5;1.91;0;0;6.5
T000446;2025-11-19;S06;P025;C0136;5;6.16;0;0;18.55
T000447;2025-11-03;S04;P001;C0097;4;1.26;1.01;0;2.81
T000448;2025-03-27;S05;P028;C0025;1;1.24;0.12;0;0.74
T000449;2025-05-29;S01;P029;C0042;2;2.25;0.9;0;3.18
T000450;2025-06-14;S04;P020;C0062;1;1.95;0;0;1.35
T000451;2025-02-16;S03;P006;C0149;2;4.52;0;0;5.27
T000452;2025-04-04;S06;P017;C0018;5;5.91;1.48;1;16.92
T000453;2025-08-20;S02;P028;C0172;3;1.46;0;0;2.8
T000454;2025-09-17;S05;P015;C0077;3;4.72;0;0;8.18
T000455;2025-01-10;S02;P021;C0080;2;3.02;0;0;3.4
T000456;2025-01-07;S06;P011;C0125;4;1.97;0;0;4.58
T000457;2025-05-02;S01;P023;C0163;5;4.42;0;0;12.28
T000458;2025-12-29;S06;P029;C0166;2;2.16;0;0;2.9
T000459;2025-12-02;S05;P020;C0155;3;2.1;0;0;3.93
T000460;2025-10-12;S02;P009;C0009;5;7.5;7.5;0;24.32
T000461;2025-10-02;S04;P001;C0101;2;1.46;0;0;1.8
T000462;2025-06-12;S03;P004;C0156;1;3.57;0;0;1.99
T000463;2025-02-09;S06;P012;C0074;3;2.55;0;0;4.61
T000464;2025-04-21;S02;P006;C0037;3;5.02;0;0;10.6
T000465;2025-12-22;S06;P030;C0061;5;2.94;2.2;0;8.89
T000466;2025-01-05;S04;P029;C0078;1;2.07;0;0;1.19
T000467;2025-10-12;S02;P027;C0238;4;7.66;0;0;21.25
T000468;2025-06-13;S05;P018;C0072;3;6.75;0;0;13.64
T000469;2025-12-21;S04;P023;C0196;2;4.01;0;0;4.45
T000470;2025-09-27;S02;P012;C0046;5;2.66;0;0;7.88
T000471;2025-06-14;S05;P023;C0194;1;4.06;0;0;2.69
T000472;2025-03-19;S05;P019;C0198;3;1.28;0.19;0;2.68
T000473;2025-08-09;S02;P021;C0043;2;2.65;0.53;0;3.6
T000474;2025-05-02;S02;P011;C0056;4;2.11;0;0;5.13
T000475;2025-04-30;S02;P018;C0130;2;7.53;0;0;9.56
T000476;2025-03-05;S04;P011;C0160;5;2.15;0;0;7.43
T000477;2025-09-22;S01;P011;C0030;5;1.89;0;0;5.83
T000478;2025-05-10;S01;P004;C0022;4;3.25;0;0;7.19
T000479;2025-05-17;S03;P012;C0143;2;2.86;0.86;1;3.15
T000480;2025-07-09;S04;P005;C0195;4;4.3;0;0;9.96
T000481;2025-01-14;S05;P015;C0156;4;4.83;3.86;0;12.21
T000482;2025-03-23;S02;P024;C0057;4;5.1;0;0;11.24
T000483;2025-09-10;S06;P010;C0224;4;1.32;0;0;3.58
T000484;2025-10-23;S06;P003;C0066;3;2.86;0;0;4.92
T000485;2025-11-04;S01;P030;C0137;2;2.73;0.27;0;3.22
T000486;2025-07-03;S04;P007;C0141;3;5.75;3.45;0;10.6
T000487;2025-01-17;S06;P004;C0025;4;3.35;0.67;0;7.43
T000488;2025-08-22;S02;P028;C0088;4;1.29;0.26;0;3.14
T000489;2025-07-10;S06;P023;C0076;1;4.05;0;1;2.32
T000490;2025-08-26;S03;P003;C0231;2;2.94;0;0;3.49
T000491;2025-01-17;S03;P022;C0121;4;3.69;0;0;8.36
T000492;2025-12-29;S04;P026;C0107;4;6.78;0;0;19.1
T000493;2025-05-09;S01;P006;C0137;4;4.83;0;0;10.7
T000494;2025-10-16;S05;P006;C0096;4;4.74;1.9;0;13.21
T000495;2025-10-26;S03;P021;C0045;4;2.62;2.1;0;7.37
T000496;2025-01-12;S05;P018;C0175;1;7.15;0;0;4.6
T000497;2025-05-09;S01;P009;C0146;5;7.13;0;0;22.76
T000498;2025-12-04;S02;P029;C0033;4;2.06;1.65;0;5.84
T000499;2025-05-19;S01;P014;C0120;2;4.2;0;0;4.74
T000500;2025-04-26;S05;P009;C0018;4;7.03;0;0;19.36
T000501;2025-04-02;S03;P014;C0025;4;3.99;2.39;0;10.96
T000502;2025-11-06;S03;P015;C0139;4;5.22;4.18;0;11.73
T000503;2025-01-21;S04;P017;C0209;3;6.67;0;0;11.51
T000504;2025-02-07;S02;P006;C0142;1;5.21;0;0;3.3
T000505;2025-09-20;S01;P022;C0114;5;3.52;0;0;10.71
T000506;2025-08-24;S05;P017;C0143;1;6.68;0;0;4.7
T000507;2025-04-22;S05;P023;C0069;4;4.48;0;0;10.88
T000508;2025-09-30;S01;P011;C0070;1;2.17;0;0;1.36
T000509;2025-01-13;S06;P025;C0005;1;5.58;0;0;3.68
T000510;2025-06-28;S05;P016;C0118;1;5.76;0;0;3.87
T000511;2025-08-28;S06;P003;C0076;4;2.8;1.68;0;6.62
T000512;2025-01-28;S02;P028;C0051;2;1.34;0;0;1.69
T000513;2025-01-04;S03;P006;C0044;2;4.89;0;0;5.66
T000514;2025-07-06;S02;P023;C0130;1;3.85;0.39;0;2.71
T000515;2025-01-26;S01;P018;C0083;1;6.94;1.39;0;4.8
T000516;2025-08-02;S03;P011;C0094;3;1.93;0.58;0;4.08
T000517;2025-04-27;S01;P012;C0050;4;2.7;0;0;6.59
T000518;2025-04-23;S01;P017;C0235;1;6.88;0;0;3.91
T000519;2025-01-09;S01;P014;C0005;3;4;1.2;0;7.44
T000520;2025-11-28;S02;P012;C0081;2;2.71;1.08;0;3.84
T000521;2025-08-03;S04;P001;C0187;2;1.37;0;0;1.64
T000522;2025-04-16;S01;P005;C0121;2;4.47;0;0;5.46
T000523;2025-01-26;S02;P004;C0008;4;3.81;0;0;10.26
T000524;2025-11-07;S03;P005;C0143;1;4.5;0;1;3.03
T000525;2025-12-16;S06;P023;C0151;5;4.02;0;0;13.07
T000526;2025-07-05;S02;P010;C0167;5;1.34;0;0;3.73
T000527;2025-06-18;S06;P010;C0090;5;1.28;0.32;0;3.56
T000528;2025-08-08;S01;P009;C0020;4;7.57;0;0;19.69
T000529;2025-01-02;S01;P011;C0001;5;2;2;0;5.92
T000530;2025-12-07;S02;P025;C0086;5;5.67;0;0;18.7
T000531;2025-03-01;S05;P027;C0023;2;6.73;0;0;9.14
T000532;2025-09-12;S06;P009;C0176;4;7.66;3.06;0;17.6
T000533;2025-04-05;S01;P006;C0238;1;4.68;0.47;0;3.03
T000534;2025-11-27;S01;P019;C0005;1;1.31;0;0;0.91
T000535;2025-10-11;S01;P006;C0057;3;4.63;0;0;9.58
T000536;2025-10-29;S01;P028;C0026;2;1.28;0;0;1.54
T000537;2025-08-02;S03;P027;C0026;3;7.71;0;0;12.85
T000538;2025-07-04;S05;P015;C0023;4;4.85;0;0;11.27
T000539;2025-06-08;S02;P005;C0216;4;4.39;0;0;12
T000540;2025-01-25;S01;P022;C0012;2;3.62;0;0;4.14
T000541;2025-02-09;S01;P021;C0076;4;2.8;0;0;6.39
T000542;2025-04-16;S02;P005;C0127;2;4.09;0;0;4.88
T000543;2025-08-24;S01;P003;C0024;3;2.95;0;0;5.13
T000544;2025-05-16;S06;P008;C0153;5;6.13;4.6;0;18.22
T000545;2025-03-20;S03;P019;C0024;2;1.31;0.13;0;1.47
T000546;2025-07-04;S04;P019;C0142;4;1.4;0.28;0;3.25
T000547;2025-04-02;S04;P004;C0031;5;3.36;0;1;9.5
T000548;2025-06-09;S03;P009;C0170;1;7.1;0;0;4.49
T000549;2025-02-01;S04;P003;C0145;4;2.88;0;0;6.94
T000550;2025-03-31;S03;P022;C0223;5;3.64;0.91;0;12.15
T000551;2025-05-20;S03;P025;C0001;5;6;0;0;19.72
T000552;2025-05-24;S02;P021;C0157;4;2.8;0;0;6.82
T000553;2025-09-19;S03;P020;C0157;2;2.25;0;0;2.63
T000554;2025-09-26;S02;P012;C0007;4;2.69;0;0;6.28
T000555;2025-08-21;S04;P016;C0184;2;5.66;1.13;0;6.35
T000556;2025-09-09;S04;P026;C0098;1;6.83;0;0;4.17
T000557;2025-02-03;S05;P015;C0133;3;5.24;0;0;9.76
T000558;2025-09-30;S06;P006;C0036;5;4.91;0;0;15
T000559;2025-11-02;S05;P022;C0031;4;3.75;0.75;0;8.35
T000560;2025-10-23;S06;P013;C0027;5;3.75;0;0;10.91
T000561;2025-06-30;S04;P024;C0168;1;4.64;0.7;0;2.88
T000562;2025-11-25;S05;P027;C0076;4;7.51;0;1;17.34
T000563;2025-12-09;S04;P013;C0075;1;3.32;0;0;2.07
T000564;2025-01-03;S03;P008;C0124;1;6.91;0;0;4.01
T000565;2025-08-06;S06;P008;C0113;5;6.84;0;0;21.76
T000566;2025-11-27;S02;P011;C0002;1;2.26;0.23;0;1.38
T000567;2025-02-05;S05;P014;C0039;3;4.33;2.6;0;9
T000568;2025-05-22;S01;P009;C0192;5;7.69;5.77;0;23.79
T000569;2025-09-20;S03;P018;C0115;4;6.89;5.51;0;16.67
T000570;2025-11-02;S01;P001;C0161;5;1.47;0;1;4.37
T000571;2025-11-04;S05;P011;C0054;1;1.95;0.1;0;1.3
T000572;2025-09-09;S03;P023;C0146;3;4.01;0;1;8
T000573;2025-09-14;S04;P006;C0042;4;4.6;0;0;12.44
T000574;2025-07-05;S06;P020;C0087;5;2.17;0;0;7
T000575;2025-07-28;S04;P026;C0188;1;6.16;0;0;3.4
T000576;2025-11-27;S05;P020;C0001;2;1.96;0;0;2.57
T000577;2025-11-18;S02;P018;C0217;2;6.66;0;0;7.92
T000578;2025-02-24;S03;P016;C0161;5;5.3;0;0;16.35
T000579;2025-04-28;S03;P013;C0089;1;3.41;0;0;1.89
T000580;2025-03-23;S01;P030;C0132;5;2.72;0;0;9.06
T000581;2025-08-26;S02;P017;C0002;4;6.33;0;1;15.73
T000582;2025-08-24;S04;P014;C0215;3;4.15;2.49;0;7.53
T000583;2025-04-24;S05;P008;C0169;4;6.58;0;0;17.61
T000584;2025-11-10;S03;P027;C0043;2;6.65;0;0;7.85
T000585;2025-01-08;S05;P018;C0107;3;7.56;0;0;15.59
T000586;2025-10-16;S05;P015;C0041;1;5.09;0.51;0;3.55
T000587;2025-07-21;S03;P026;C0217;5;5.91;0;0;16.78
T000588;2025-12-25;S06;P014;C0164;3;4.21;0;0;7.81
T000589;2025-01-24;S06;P026;C0054;2;5.98;0;0;8.15
T000590;2025-08-08;S02;P012;C0218;2;2.97;0;0;3.93
T000591;2025-07-19;S03;P017;C0043;2;6.32;0;0;8.34
T000592;2025-11-10;S01;P010;C0079;3;1.31;0;0;2.43
T000593;2025-06-22;S03;P011;C0002;3;2.04;0.31;1;3.78
T000594;2025-04-13;S01;P030;C0038;1;3.04;0;0;2.07
T000595;2025-05-05;S02;P025;C0065;5;5.79;0;0;19.73
T000596;2025-03-20;S03;P021;C0050;4;2.91;0;0;7.33
T000597;2025-10-29;S04;P003;C0046;1;2.73;0;0;1.88
T000598;2025-12-22;S06;P013;C0075;1;3.68;0.18;0;2.34
T000599;2025-08-14;S03;P016;C0207;5;5.64;5.64;0;18.92
T000600;2025-10-12;S02;P026;C0205;4;6.1;1.22;0;15.56
T000601;2025-04-10;S03;P011;C0056;1;1.89;0;0;1.31
T000602;2025-12-01;S05;P018;C0086;5;7.23;1.81;0;25.17
T000603;2025-06-04;S05;P025;C0098;1;5.84;0;0;3.48
T000604;2025-02-23;S04;P019;C0162;2;1.44;0;0;1.78
T000605;2025-01-31;S05;P020;C0162;3;1.94;0;0;3.46
T000606;2025-10-31;S06;P016;C0090;2;5.92;1.18;0;6.54
T000607;2025-08-04;S04;P012;C0038;5;2.67;2.67;0;7.74
T000608;2025-11-16;S01;P001;C0055;2;1.42;0;0;1.69
T000609;2025-02-06;S06;P020;C0004;5;1.98;0;0;6.97
T000610;2025-03-11;S02;P003;C0040;5;2.99;2.24;0;10.43
T000611;2025-09-11;S04;P016;C0066;3;5.75;0;0;10.6
T000612;2025-04-21;S01;P013;C0108;2;3.27;0;0;3.79
T000613;2025-12-04;S05;P017;C0042;1;6.05;0.3;0;3.99
T000614;2025-02-20;S02;P024;C0068;3;4.72;2.83;0;9.09
T000615;2025-10-11;S03;P010;C0021;1;1.41;0;0;0.91
T000616;2025-03-11;S01;P012;C0045;5;2.68;0;0;8.6
T000617;2025-11-25;S04;P006;C0174;1;4.81;0;0;2.75
T000618;2025-12-22;S05;P025;C0028;1;5.9;0;0;4.03
T000619;2025-08-03;S01;P015;C0126;5;5.04;3.78;0;17.49
T000620;2025-01-16;S04;P011;C0132;1;2.13;0;0;1.49
T000621;2025-07-30;S04;P025;C0124;2;6.07;0;0;6.82
T000622;2025-02-01;S02;P012;C0151;4;2.98;2.38;0;7.32
T000623;2025-01-27;S01;P019;C0194;2;1.31;0;0;1.45
T000624;2025-07-20;S04;P028;C0133;4;1.33;0.53;0;3.63
T000625;2025-07-01;S03;P012;C0141;2;2.85;0;0;3.57
T000626;2025-07-04;S03;P001;C0217;2;1.36;0;0;1.65
T000627;2025-03-31;S06;P010;C0202;3;1.36;0;0;2.66
T000628;2025-04-01;S05;P024;C0168;3;4.52;0;0;8.3
T000629;2025-10-23;S05;P005;C0033;2;4.06;0;0;5.42
T000630;2025-03-04;S05;P016;C0212;2;5.94;0;1;7.83
T000631;2025-04-14;S06;P009;C0027;1;7.53;1.51;0;5
T000632;2025-08-20;S06;P022;C0234;1;3.78;0;0;2.25
T000633;2025-03-25;S05;P001;C0142;2;1.25;0.25;0;1.73
T000634;2025-02-17;S01;P017;C0078;2;5.93;0;0;6.58
T000635;2025-10-12;S02;P012;C0166;3;2.74;0;0;4.7
T000636;2025-04-25;S05;P024;C0237;1;4.86;0.49;0;3.33
T000637;2025-11-06;S01;P029;C0236;3;2;0.6;0;4.23
T000638;2025-11-05;S01;P004;C0120;4;3.69;2.95;0;9.48
T000639;2025-01-03;S06;P002;C0132;4;2.13;0.85;0;5.78
T000640;2025-05-25;S02;P026;C0071;3;6.14;0;0;10.38
T000641;2025-07-22;S02;P003;C0201;1;2.71;0;0;1.76
T000642;2025-07-24;S05;P010;C0094;4;1.29;0;0;2.92
T000643;2025-03-11;S02;P002;C0198;5;2.26;1.13;0;6.69
T000644;2025-04-14;S03;P010;C0006;2;1.46;0;0;1.65
T000645;2025-04-27;S03;P027;C0170;5;6.9;5.17;0;20.33
T000646;2025-11-23;S03;P030;C0093;1;2.69;0;0;1.73
T000647;2025-01-22;S06;P014;C0008;5;4.5;0;0;15.77
T000648;2025-03-18;S02;P027;C0206;2;6.92;0;0;9.44
T000649;2025-09-03;S02;P025;C0064;5;5.39;0;0;18.35
T000650;2025-08-16;S06;P016;C0125;2;5.81;0;0;7.08
T000651;2025-03-27;S03;P030;C0205;1;2.94;0;0;1.86
T000652;2025-04-30;S01;P022;C0203;4;3.8;0;0;10.61
T000653;2025-02-23;S02;P025;C0121;5;6.05;3.03;0;18.68
T000654;2025-11-20;S05;P014;C0176;3;4.3;0;0;8.26
T000655;2025-01-29;S06;P021;C0030;4;2.86;1.14;0;6.72
T000656;2025-07-22;S06;P027;C0123;1;7.41;0;0;4.2
T000657;2025-02-12;S05;P015;C0187;2;4.77;0.48;1;5.37
T000658;2025-09-26;S04;P015;C0073;1;4.86;0;0;3.42
T000659;2025-10-02;S03;P007;C0132;1;5.97;0;0;3.69
T000660;2025-04-05;S02;P026;C0117;2;6.26;0;0;7.43
T000661;2025-02-26;S01;P027;C0239;1;7.48;0;0;5.2
T000662;2025-11-01;S04;P010;C0218;2;1.24;0.5;0;1.73
T000663;2025-08-09;S05;P007;C0156;2;5.97;1.79;0;7.57
T000664;2025-12-26;S04;P018;C0105;4;7.74;0;0;19.92
T000665;2025-07-22;S05;P012;C0238;2;2.92;1.17;0;3.94
T000666;2025-07-08;S02;P023;C0034;5;4.02;0;0;12.45
T000667;2025-05-07;S03;P002;C0039;2;2.07;0;0;2.45
T000668;2025-11-20;S01;P010;C0155;1;1.43;0;0;0.9
T000669;2025-10-13;S04;P023;C0069;2;3.9;1.56;0;4.31
T000670;2025-09-08;S05;P028;C0083;4;1.31;0;0;3.39
T000671;2025-11-03;S04;P029;C0194;2;2.05;0;0;2.83
T000672;2025-02-18;S01;P004;C0085;5;3.35;0;0;10.78
T000673;2025-01-18;S02;P021;C0067;5;2.72;0;0;7.65
T000674;2025-01-11;S03;P004;C0186;5;3.73;0;0;12.94
T000675;2025-05-14;S02;P019;C0021;4;1.29;0;0;3.18
T000676;2025-04-25;S03;P012;C0130;5;2.99;1.5;0;8.89
T000677;2025-04-10;S01;P009;C0219;4;7.39;0;0;17.63
T000678;2025-09-30;S05;P022;C0069;5;3.56;0;0;12.29
T000679;2025-07-06;S04;P006;C0179;1;5.36;0.8;0;3.75
T000680;2025-02-18;S06;P011;C0125;4;1.9;0;0;5.16
T000681;2025-08-06;S03;P011;C0037;3;2.16;0.65;0;3.93
T000682;2025-02-19;S01;P007;C0046;3;5.59;0;0;10.27
T000683;2025-04-17;S03;P011;C0234;1;2.19;0;0;1.23
T000684;2025-06-17;S02;P002;C0008;1;2.2;0.33;0;1.41
T000685;2025-10-02;S06;P018;C0045;1;6.54;0;0;3.89
T000686;2025-07-23;S06;P019;C0177;4;1.41;0.28;0;3.94
T000687;2025-03-02;S04;P015;C0152;4;4.8;0;0;11.11
T000688;2025-11-28;S04;P007;C0228;4;5.8;0;0;13.51
T000689;2025-09-18;S05;P017;C0176;5;6.86;5.14;0;22.74
T000690;2025-10-02;S01;P017;C0165;1;5.99;0;0;4.14
T000691;2025-10-27;S02;P010;C0117;5;1.33;0.67;0;3.89
T000692;2025-10-03;S06;P012;C0215;3;2.71;1.22;0;5.63
T000693;2025-04-27;S06;P006;C0012;5;5.21;1.3;0;15.68
T000694;2025-05-29;S04;P020;C0232;2;2.11;0;0;2.49
T000695;2025-04-21;S02;P004;C0017;2;3.82;0;0;4.24
T000696;2025-05-02;S01;P010;C0138;5;1.24;0;0;4.05
T000697;2025-10-31;S06;P025;C0101;3;5.93;1.78;0;9.86
T000698;2025-02-24;S02;P019;C0195;5;1.33;0;0;4.24
T000699;2025-02-16;S05;P008;C0165;2;6.82;0;0;8.69
T000700;2025-09-27;S01;P001;C0041;3;1.32;0.4;0;2.21
T000701;2025-05-26;S02;P021;C0238;4;2.71;0;0;6.42
T000702;2025-07-04;S06;P002;C0118;2;1.89;0.57;0;2.57
T000703;2025-09-20;S05;P001;C0181;1;1.3;0;0;0.8
T000704;2025-07-10;S02;P011;C0045;5;1.92;1.44;0;5.63
T000705;2025-07-06;S03;P008;C0018;3;5.91;0.89;0;9.85
T000706;2025-06-23;S02;P012;C0132;3;2.94;0.88;0;5.07
T000707;2025-08-03;S01;P016;C0128;2;5.67;0;0;7.71
T000708;2025-08-23;S06;P003;C0060;1;2.58;0;0;1.47
T000709;2025-09-11;S04;P022;C0057;3;3.31;1.49;0;6.98
T000710;2025-09-21;S04;P018;C0034;1;7.43;1.11;0;4.89
T000711;2025-03-06;S04;P010;C0134;5;1.43;0;0;4.22
T000712;2025-05-04;S05;P015;C0227;2;5.01;0;0;5.64
T000713;2025-03-27;S01;P001;C0033;4;1.37;0;0;3.29
T000714;2025-02-10;S03;P001;C0180;2;1.44;0;0;1.81
T000715;2025-08-12;S03;P018;C0095;1;6.63;0.99;0;4.34
T000716;2025-06-20;S06;P002;C0006;1;2.15;0.32;1;1.38
T000717;2025-10-25;S01;P017;C0016;3;6.17;0;0;11.03
T000718;2025-05-12;S01;P002;C0178;1;1.92;0;0;1.29
T000719;2025-02-23;S03;P028;C0192;2;1.36;0.54;0;1.75
T000720;2025-08-01;S05;P004;C0085;1;3.46;0;0;2.42
T000721;2025-12-10;S03;P023;C0082;2;4.16;0.42;0;4.82
T000722;2025-11-30;S06;P016;C0154;4;5.71;0;0;15.93
T000723;2025-11-02;S04;P027;C0004;5;7.41;7.41;0;24.98
T000724;2025-09-20;S05;P030;C0181;5;2.76;0;0;7.67
T000725;2025-12-05;S04;P003;C0195;5;2.92;0;0;9.91
T000726;2025-10-03;S06;P012;C0117;2;2.6;0.52;1;2.87
T000727;2025-05-26;S05;P021;C0233;3;2.84;0.43;0;5.7
T000728;2025-02-03;S06;P018;C0217;2;6.9;1.38;0;8.06
T000729;2025-11-03;S06;P023;C0004;2;3.95;0.79;0;5.43
T000730;2025-01-17;S01;P007;C0234;2;5.85;0;0;6.86
T000731;2025-12-17;S01;P018;C0196;5;7.24;0;0;24.46
T000732;2025-07-05;S06;P028;C0235;1;1.3;0.07;0;0.87
T000733;2025-03-08;S02;P002;C0044;5;2.18;0;0;6.42
T000734;2025-07-28;S03;P027;C0116;2;7.21;0;0;7.97
T000735;2025-04-30;S02;P014;C0201;2;3.86;0.77;0;4.62
T000736;2025-01-17;S05;P005;C0180;3;4.56;2.05;0;7.83
T000737;2025-09-06;S03;P025;C0152;4;5.21;0;0;14.22
T000738;2025-08-05;S03;P016;C0086;2;5.39;2.16;1;6.54
T000739;2025-04-08;S04;P025;C0240;3;6.01;0;0;11.96
T000740;2025-08-23;S05;P016;C0105;3;5.6;0;0;9.67
T000741;2025-06-25;S02;P014;C0140;3;4.35;0;0;8.97
T000742;2025-06-19;S01;P027;C0068;4;7.3;4.38;0;17.67
T000743;2025-06-03;S01;P007;C0161;2;5.89;0;0;7.96
T000744;2025-06-25;S04;P008;C0192;2;6.21;2.48;0;8.1
T000745;2025-06-09;S06;P022;C0230;5;3.42;0;0;11.67
T000746;2025-06-29;S02;P017;C0128;4;6.33;0;0;14.89
T000747;2025-10-15;S03;P017;C0210;1;6.44;0.64;0;3.6
T000748;2025-09-01;S05;P020;C0077;1;1.92;0;0;1.11
T000749;2025-01-19;S03;P002;C0101;3;2.19;0.99;0;3.78
T000750;2025-09-11;S02;P014;C0053;5;3.97;0;0;12.52
T000751;2025-07-02;S05;P004;C0208;2;3.41;0;0;4.69
T000752;2025-04-01;S03;P003;C0050;5;2.57;1.29;1;8.91
T000753;2025-03-27;S03;P028;C0211;5;1.28;0;0;3.98
T000754;2025-06-13;S05;P019;C0048;5;1.45;0.36;0;4.57
T000755;2025-04-19;S05;P026;C0128;2;5.99;0;0;6.6
T000756;2025-02-24;S02;P029;C0170;2;1.96;0.59;0;2.75
T000757;2025-06-07;S02;P024;C0130;5;4.53;0;1;15.76
T000758;2025-12-13;S06;P008;C0224;4;6.04;0;0;16.03
T000759;2025-03-12;S05;P009;C0145;5;7.22;0;0;21.3
T000760;2025-05-21;S04;P012;C0083;5;2.63;0;0;8.79
T000761;2025-07-01;S01;P030;C0191;1;2.6;0.26;0;1.65
T000762;2025-05-08;S02;P015;C0026;5;5.22;0;0;16.54
T000763;2025-06-27;S02;P013;C0129;1;3.68;0;0;2.29
T000764;2025-09-13;S02;P023;C0177;2;3.88;1.55;0;4.32
T000765;2025-06-30;S01;P022;C0186;1;3.59;0;0;2.38
T000766;2025-08-20;S03;P028;C0131;3;1.47;0;0;2.82
T000767;2025-03-29;S04;P029;C0024;5;2.13;0;0;7.27
T000768;2025-06-13;S02;P019;C0190;2;1.45;0;1;1.6
T000769;2025-06-13;S06;P020;C0114;4;2.23;0;0;5.55
T000770;2025-01-11;S06;P021;C0058;1;3.02;0;0;2.09
T000771;2025-02-02;S01;P002;C0107;2;1.99;0;0;2.59
T000772;2025-07-31;S02;P010;C0180;3;1.23;0.37;0;2.24
T000773;2025-12-08;S03;P004;C0154;2;3.24;0.97;0;4.04
T000774;2025-03-17;S04;P019;C0032;2;1.27;0;0;1.52
T000775;2025-04-05;S04;P027;C0070;4;6.8;0;0;18.48
T000776;2025-12-28;S03;P006;C0041;4;4.62;3.7;0;12.13
T000777;2025-10-03;S02;P019;C0217;4;1.43;0;0;3.49
T000778;2025-07-24;S02;P018;C0184;2;7.7;1.54;0;10.02
T000779;2025-01-12;S02;P023;C0219;3;4.34;0;0;7.98
T000780;2025-04-09;S03;P017;C0229;2;6.28;2.51;0;8.88
T000781;2025-08-11;S01;P006;C0232;4;4.54;0;0;10.7
T000782;2025-07-15;S06;P026;C0015;1;6.31;0;0;3.74
T000783;2025-12-26;S04;P005;C0235;5;4.56;2.28;0;13.38
T000784;2025-12-30;S02;P008;C0207;2;6.86;0;0;9.39
T000785;2025-11-30;S06;P023;C0203;2;4.19;0;0;5.85
T000786;2025-02-28;S06;P002;C0018;2;1.93;0;0;2.69
T000787;2025-03-02;S03;P002;C0015;4;2.04;0;0;5.7
T000788;2025-01-10;S04;P001;C0128;3;1.44;0;0;2.54
T000789;2025-04-04;S03;P015;C0123;4;5.15;0;0;14.61
T000790;2025-07-16;S04;P015;C0140;5;5.17;0;0;18.23
T000791;2025-06-05;S04;P026;C0101;4;6.47;2.59;0;16.7
T000792;2025-06-08;S01;P012;C0069;4;2.56;0;0;6.36
T000793;2025-01-20;S04;P004;C0002;4;3.51;0.7;0;7.8
T000794;2025-05-28;S02;P029;C0052;2;2.21;0;0;2.9
T000795;2025-11-25;S04;P001;C0107;1;1.32;0.26;0;0.92
T000796;2025-05-17;S04;P011;C0007;3;2.14;0;0;4.45
T000797;2025-09-17;S04;P006;C0042;5;4.59;4.59;0;15.02
T000798;2025-11-02;S01;P022;C0120;3;3.25;1.95;0;5.36
T000799;2025-02-11;S03;P028;C0015;2;1.23;0.25;0;1.59
T000800;2025-12-17;S03;P025;C0100;4;5.54;0;0;14.53
T000801;2025-12-13;S04;P020;C0073;3;2.15;0.32;0;3.7
T000802;2025-05-11;S04;P028;C0076;5;1.4;0;0;4.57
T000803;2025-07-16;S04;P017;C0042;4;6.77;0;0;17.28
T000804;2025-09-30;S03;P004;C0226;4;3.33;0;0;7.34
T000805;2025-12-12;S04;P006;C0203;5;5.28;0;0;17.22
T000806;2025-09-02;S03;P023;C0138;1;3.86;0;0;2.61
T000807;2025-07-01;S03;P027;C0235;5;6.86;0;0;20.67
T000808;2025-01-18;S05;P007;C0240;4;5.48;0;0;13.21
T000809;2025-02-08;S01;P001;C0013;4;1.43;0;0;3.73
T000810;2025-06-04;S02;P024;C0146;5;4.64;2.32;0;13.45
T000811;2025-01-16;S04;P010;C0218;5;1.43;0;0;4.74
T000812;2025-03-28;S05;P007;C0176;5;5.77;5.77;0;17.25
T000813;2025-11-21;S02;P017;C0177;4;6.51;1.3;0;14.39
T000814;2025-01-05;S04;P015;C0141;1;5.32;0.53;0;3.33
T000815;2025-07-09;S01;P011;C0187;5;2.15;0;0;6.62
T000816;2025-03-08;S02;P003;C0236;3;2.88;0;0;5.57
T000817;2025-07-18;S06;P001;C0017;3;1.36;0;0;2.55
T000818;2025-08-02;S02;P012;C0119;3;2.91;0.44;0;5.52
T000819;2025-03-29;S03;P007;C0058;2;5.52;0;0;7.46
T000820;2025-10-18;S01;P001;C0209;4;1.35;0;0;3.58
T000821;2025-09-26;S03;P015;C0033;5;4.71;0;0;15.88
T000822;2025-08-17;S02;P004;C0164;1;3.75;0;0;2.13
T000823;2025-08-23;S01;P003;C0189;4;2.87;0;0;7.75
T000824;2025-10-14;S04;P023;C0001;3;4.51;0;1;8.02
T000825;2025-05-29;S06;P028;C0072;4;1.4;1.12;0;3.16
T000826;2025-04-02;S02;P021;C0110;4;3.03;0;0;8.21
T000827;2025-10-27;S01;P002;C0051;5;2.18;0;0;7.31
T000828;2025-03-25;S03;P022;C0042;2;3.68;0.74;0;4.76
T000829;2025-05-07;S03;P030;C0015;2;2.61;0;0;3.57
T000830;2025-05-05;S03;P009;C0028;1;6.49;0;0;4.29
T000831;2025-12-23;S01;P017;C0135;4;6.4;0;0;15.08
T000832;2025-10-14;S04;P025;C0084;1;5.26;0.53;0;3.46
T000833;2025-03-21;S05;P007;C0004;1;5.78;1.16;0;3.82
T000834;2025-09-17;S02;P010;C0061;3;1.36;0;1;2.32
T000835;2025-02-18;S06;P009;C0200;3;7.72;0;0;12.82
T000836;2025-01-10;S04;P028;C0158;1;1.31;0;0;0.76
T000837;2025-10-17;S01;P023;C0131;1;4.56;0;0;2.67
T000838;2025-07-29;S03;P007;C0144;2;5.81;0;0;6.84
T000839;2025-01-14;S01;P023;C0118;3;4.02;0;0;7.71
T000840;2025-10-22;S05;P012;C0128;4;2.9;1.74;0;7.66
T000841;2025-05-14;S05;P018;C0131;2;7.17;1.43;0;9.39
T000842;2025-08-01;S04;P013;C0142;4;3.38;0;0;7.48
T000843;2025-08-23;S01;P012;C0179;4;2.57;0;0;6.35
T000844;2025-08-31;S04;P008;C0094;5;6.93;0;0;20.35
T000845;2025-04-29;S05;P029;C0182;3;1.95;0.29;0;3.39
T000846;2025-05-17;S05;P026;C0013;3;6.15;0;0;12.77
T000847;2025-07-19;S03;P009;C0084;2;7.52;1.5;0;9.32
T000848;2025-08-29;S04;P006;C0125;1;5.12;0.26;1;3.21
T000849;2025-09-02;S05;P021;C0157;4;2.83;0;0;6.85
T000850;2025-03-30;S03;P003;C0168;5;2.97;0.74;0;8.45
T000851;2025-12-18;S06;P029;C0009;2;2.16;0;0;2.94
T000852;2025-11-13;S03;P008;C0214;2;6.02;0;0;7.55
T000853;2025-09-05;S06;P001;C0135;3;1.29;0.39;0;2.27
T000854;2025-03-05;S03;P003;C0213;1;2.87;0;0;1.86
T000855;2025-06-22;S06;P009;C0117;4;7.44;1.49;0;20.81
T000856;2025-07-15;S05;P021;C0031;3;2.96;0.44;0;5.73
T000857;2025-06-05;S04;P003;C0222;1;2.79;0;0;1.68
T000858;2025-06-13;S05;P025;C0174;4;5.59;0;0;13.89
T000859;2025-06-30;S02;P003;C0077;2;2.99;0;0;3.81
T000860;2025-10-15;S01;P009;C0145;3;7.36;1.1;0;12.5
T000861;2025-06-08;S02;P008;C0087;1;6.31;0;0;3.91
T000862;2025-06-01;S05;P002;C0114;5;2.01;0;0;5.74
T000863;2025-02-03;S03;P003;C0078;4;2.73;1.64;0;6.28
T000864;2025-11-02;S01;P001;C0216;4;1.23;0;0;2.94
T000865;2025-11-30;S01;P008;C0182;4;6.77;1.35;1;15.63
T000866;2025-09-30;S06;P012;C0121;4;3.02;0.6;0;7.23
T000867;2025-07-20;S06;P026;C0005;2;5.88;0;0;6.61
T000868;2025-09-10;S06;P023;C0132;5;4.02;0;0;12.37
T000869;2025-07-08;S03;P019;C0168;3;1.46;0;0;3.08
T000870;2025-06-29;S06;P008;C0226;5;6.1;1.53;0;16.8
T000871;2025-03-11;S05;P008;C0051;3;6.64;0;0;11.64
T000872;2025-02-16;S06;P012;C0201;3;2.63;0;0;4.8
T000873;2025-08-17;S05;P006;C0013;4;5.05;0;0;12.04
T000874;2025-03-26;S03;P018;C0146;4;6.62;1.32;0;17.17
T000875;2025-10-29;S01;P007;C0015;5;5.36;1.34;0;15.46
T000876;2025-12-27;S05;P026;C0127;1;6;0;0;3.84
T000877;2025-10-29;S02;P024;C0176;1;5.08;0;0;3.51
T000878;2025-08-19;S06;P011;C0176;2;1.94;0;0;2.39
T000879;2025-06-16;S04;P005;C0077;2;4.25;0;0;5.1
T000880;2025-04-06;S05;P011;C0060;4;1.89;0;0;5.16
T000881;2025-08-23;S06;P021;C0091;4;2.81;1.69;0;6.25
T000882;2025-08-02;S04;P024;C0238;1;5.34;0;0;2.96
T000883;2025-01-19;S02;P019;C0031;5;1.39;0;0;4.08
T000884;2025-07-03;S03;P025;C0168;3;5.84;3.5;0;10.48
T000885;2025-07-22;S01;P015;C0162;3;4.54;0.68;1;9.66
T000886;2025-09-30;S02;P004;C0094;4;3.75;2.25;0;9.54
T000887;2025-01-19;S06;P023;C0116;3;4.22;1.27;0;8.5
T000888;2025-11-12;S05;P030;C0082;5;2.97;0;0;8.73
T000889;2025-09-17;S04;P015;C0063;1;4.95;0;0;2.94
T000890;2025-05-08;S02;P008;C0148;5;6.37;1.59;0;18.69
T000891;2025-06-17;S05;P001;C0064;2;1.27;0;0;1.73
T000892;2025-04-16;S01;P014;C0121;1;4.11;0;0;2.79
T000893;2025-09-23;S04;P005;C0191;5;3.92;3.92;0;11.95
T000894;2025-07-06;S06;P006;C0070;2;5;2;0;6.37
T000895;2025-10-09;S06;P001;C0170;1;1.25;0;0;0.85
T000896;2025-04-04;S04;P007;C0168;2;5.86;0;0;6.91
T000897;2025-11-14;S01;P011;C0168;3;1.98;0;0;4.01
T000898;2025-04-26;S04;P005;C0142;5;4.5;4.5;0;13.29
T000899;2025-06-30;S05;P001;C0045;3;1.31;0;0;2.78
T000900;2025-03-23;S01;P005;C0151;4;4.12;0.82;0;11.59
T000901;2025-04-18;S02;P004;C0223;1;3.71;0.37;0;2.23
T000902;2025-08-02;S03;P029;C0007;4;2.14;0;1;5.12
T000903;2025-03-31;S05;P009;C0042;3;7.74;0;0;15.81
T000904;2025-10-09;S06;P027;C0165;5;7.61;1.9;0;23.47
T000905;2025-12-27;S01;P001;C0089;2;1.47;0;0;1.85
T000906;2025-11-06;S05;P011;C0226;5;2.18;2.18;0;7.51
T000907;2025-05-10;S05;P025;C0121;5;5.88;0;0;20.17
T000908;2025-12-12;S02;P007;C0063;2;5.27;0;0;7.16
T000909;2025-09-24;S01;P010;C0047;4;1.39;0;0;3.46
T000910;2025-01-09;S03;P026;C0216;2;6.23;0;0;8.72
T000911;2025-01-13;S02;P026;C0062;1;6.93;0;0;4.09
T000912;2025-02-04;S01;P003;C0011;5;2.67;0;0;8.06
T000913;2025-02-06;S01;P003;C0085;3;2.72;0;0;5.09
T000914;2025-11-02;S03;P014;C0124;3;4.22;0.63;0;7.15
T000915;2025-03-27;S06;P017;C0126;2;6.71;0;0;8.95
T000916;2025-05-23;S05;P022;C0143;4;3.4;0;0;8.16
T000917;2025-06-10;S06;P028;C0155;3;1.27;0;0;2.49
T000918;2025-11-24;S03;P030;C0121;4;2.61;1.04;1;6.48
T000919;2025-03-20;S06;P016;C0226;2;5.5;0;0;6.12
T000920;2025-12-26;S04;P029;C0118;2;1.98;0.59;0;2.46
T000921;2025-05-23;S03;P015;C0148;4;4.83;3.86;0;11.05
T000922;2025-09-11;S02;P027;C0117;1;6.47;0;1;4.56
T000923;2025-09-30;S02;P020;C0120;4;2.15;0;0;4.85
T000924;2025-09-21;S06;P001;C0078;1;1.28;0;0;0.72
T000925;2025-10-31;S03;P022;C0013;1;3.68;0.74;0;2.49
T000926;2025-11-11;S04;P009;C0058;4;7.17;0;1;17.13
T000927;2025-06-01;S04;P021;C0130;2;2.98;0;0;3.67
T000928;2025-07-02;S03;P007;C0126;3;5.33;0;0;10.4
T000929;2025-09-04;S03;P006;C0098;5;4.9;1.23;0;15.6
T000930;2025-12-02;S04;P007;C0236;3;5.32;0;0;10.6
T000931;2025-05-13;S05;P002;C0011;2;2.15;0.64;0;2.5
T000932;2025-09-18;S04;P012;C0239;3;2.96;0;0;4.98
T000933;2025-10-18;S04;P024;C0161;3;4.52;0;0;7.52
T000934;2025-03-30;S06;P005;C0121;3;4.54;0;0;7.66
T000935;2025-04-08;S04;P022;C0012;2;3.27;0;0;3.84
T000936;2025-07-29;S02;P027;C0050;4;7.5;0;1;17.69
T000937;2025-08-07;S02;P011;C0224;2;2.08;0.21;0;2.63
T000938;2025-08-18;S02;P010;C0171;1;1.44;0;0;0.83
T000939;2025-11-04;S06;P013;C0016;4;3.51;2.11;0;8.99
T000940;2025-03-08;S02;P010;C0172;2;1.43;0;0;1.69
T000941;2025-08-30;S04;P018;C0125;4;7.15;0;0;19.05
T000942;2025-08-13;S05;P016;C0072;5;5.38;0;0;16.4
T000943;2025-04-17;S03;P021;C0010;3;2.86;0.86;0;4.73
T000944;2025-03-29;S05;P017;C0200;5;6.11;0;0;20.47
T000945;2025-09-05;S04;P008;C0228;3;5.85;0;0;12.3
T000946;2025-05-09;S03;P007;C0135;5;5.16;0;0;16.3
T000947;2025-08-12;S06;P015;C0025;5;5.35;0;0;15.19
T000948;2025-08-22;S02;P006;C0225;2;5.06;0;0;6.49
T000949;2025-12-26;S01;P017;C0194;4;6.87;0;0;18.26
T000950;2025-07-31;S03;P001;C0149;4;1.3;1.04;0;3.63
T000951;2025-01-08;S06;P015;C0184;1;4.95;0.25;1;3.38
T000952;2025-10-07;S04;P028;C0204;5;1.35;0;0;4.42
T000953;2025-05-26;S01;P009;C0221;2;6.56;0;0;9.15
T000954;2025-08-29;S05;P021;C0237;2;2.71;0;0;3.06
T000955;2025-09-27;S06;P020;C0144;5;2.06;0.52;0;6.83
T000956;2025-03-15;S03;P008;C0079;1;6.82;0;0;4.63
T000957;2025-07-27;S04;P001;C0086;2;1.33;0;0;1.78
T000958;2025-12-24;S04;P011;C0076;4;2.22;0;0;6.09
T000959;2025-07-21;S06;P022;C0204;4;3.4;0;0;8.25
T000960;2025-12-24;S03;P011;C0050;2;1.96;0;0;2.59
T000961;2025-09-07;S06;P018;C0213;2;6.56;1.31;0;9.17
T000962;2025-07-03;S04;P018;C0029;4;7.41;0;0;17.64
T000963;2025-06-21;S06;P022;C0115;3;3.55;0;0;6.3
T000964;2025-05-11;S02;P013;C0193;2;3.66;1.46;0;5.1
T000965;2025-11-12;S05;P007;C0082;1;5.52;0.55;0;3.3
T000966;2025-10-14;S06;P003;C0160;3;2.93;1.32;0;6.1
T000967;2025-12-04;S06;P002;C0097;2;2.24;0;0;2.96
T000968;2025-02-28;S01;P004;C0215;2;3.66;0;0;4.64
T000969;2025-11-16;S05;P006;C0237;2;5.1;0;0;6.88
T000970;2025-07-28;S04;P004;C0103;1;3.65;0;0;2.37
T000971;2025-08-14;S01;P025;C0003;3;5.43;0;0;9.03
T000972;2025-03-20;S06;P015;C0136;1;4.96;0;0;3.48
T000973;2025-01-28;S01;P029;C0078;4;2.12;0.85;0;5.14
T000974;2025-08-03;S04;P023;C0076;3;4.05;1.22;0;6.74
T000975;2025-06-29;S02;P017;C0095;5;6.78;6.78;0;21.06
T000976;2025-06-26;S02;P023;C0032;5;4.58;0;0;12.77
T000977;2025-11-21;S06;P022;C0090;3;3.39;2.03;0;7.1
T000978;2025-10-17;S04;P004;C0118;4;3.3;0;0;8.12
T000979;2025-01-30;S03;P016;C0160;5;5.9;0;0;19.21
T000980;2025-12-18;S05;P005;C0195;5;3.86;0;0;11.51
T000981;2025-05-15;S03;P012;C0203;3;2.93;0;0;6.18
T000982;2025-04-06;S03;P008;C0031;4;5.91;4.73;0;14.63
T000983;2025-04-07;S03;P002;C0032;3;2.05;0;0;4.25
T000984;2025-03-04;S03;P020;C0182;3;2.18;0.33;1;3.95
T000985;2025-04-20;S04;P003;C0184;3;2.65;0;0;4.94
T000986;2025-08-27;S01;P030;C0150;2;2.74;1.1;1;3.45
T000987;2025-10-18;S02;P013;C0088;5;3.2;0;0;9.99
T000988;2025-03-22;S04;P003;C0176;4;2.59;0;0;5.83
T000989;2025-12-03;S02;P023;C0020;1;4.39;0;0;2.87
T000990;2025-04-24;S01;P015;C0205;1;5.12;0;0;3.63
T000991;2025-06-19;S03;P019;C0186;2;1.23;0;0;1.36
T000992;2025-10-14;S04;P015;C0138;5;5.01;0;0;15.63
T000993;2025-09-28;S05;P006;C0173;5;5.34;0;0;18.26
T000994;2025-02-12;S04;P011;C0118;4;2.14;1.71;0;5.05
T000995;2025-06-30;S05;P019;C0152;1;1.29;0;0;0.78
T000996;2025-02-04;S03;P016;C0086;4;5.45;3.27;0;12.25
T000997;2025-08-13;S02;P030;C0179;2;2.69;0.27;0;3.58
T000998;2025-01-21;S02;P020;C0217;3;1.95;0;0;3.88
T000999;2025-11-01;S03;P003;C0080;1;2.68;0.13;0;1.79
T001000;2025-06-17;S04;P008;C0069;2;6.93;2.08;0;9.68
T001001;2025-10-20;S01;P020;C0195;5;2.24;0;0;7.52
T001002;2025-10-01;S01;P027;C0211;5;6.52;0;0;19.42
T001003;2025-12-29;S01;P022;C0019;4;3.39;2.03;0;8.79
T001004;2025-02-12;S06;P014;C0013;4;4.57;2.74;0;10.83
T001005;2025-03-12;S01;P003;C0181;3;2.87;0;0;5.73
T001006;2025-08-17;S04;P008;C0052;1;6.84;0;0;4.17
T001007;2025-09-03;S02;P026;C0079;1;5.83;0;0;3.51
T001008;2025-09-17;S04;P028;C0069;3;1.41;0;0;2.46
T001009;2025-01-01;S02;P014;C0111;5;3.97;0;0;11.73
T001010;2025-02-13;S05;P025;C0116;4;5.52;0;0;14.1
T001011;2025-04-11;S05;P008;C0208;1;6.58;1.32;0;4.3
T001012;2025-11-13;S02;P006;C0130;5;4.52;0;0;13.72
T001013;2025-02-07;S02;P027;C0194;1;7.35;0;0;4.83
T001014;2025-05-15;S01;P006;C0080;4;4.69;0;0;10.79
T001015;2025-03-30;S06;P003;C0142;3;2.89;0.87;0;5.15
T001016;2025-05-09;S04;P017;C0102;3;5.86;1.76;0;11.3
T001017;2025-02-19;S02;P019;C0232;4;1.45;0;0;3.76
T001018;2025-08-05;S02;P029;C0211;5;2.07;0.52;0;6.8
T001019;2025-10-09;S06;P012;C0063;1;2.96;0;0;1.9
T001020;2025-10-11;S06;P006;C0062;4;4.57;2.74;0;10.07
T001021;2025-10-31;S03;P028;C0007;2;1.27;0;0;1.74
T001022;2025-12-06;S03;P027;C0023;5;6.93;5.2;0;19.61
T001023;2025-02-01;S02;P026;C0055;4;6.01;0;0;15.24
T001024;2025-08-08;S03;P002;C0082;4;1.95;0;0;4.75
T001025;2025-05-14;S05;P012;C0151;4;2.93;1.17;0;6.77
T001026;2025-03-12;S04;P003;C0220;2;2.57;0.51;0;3.23
T001027;2025-03-26;S05;P005;C0029;1;4.07;0;0;2.77
T001028;2025-09-09;S05;P026;C0204;5;6.3;3.15;0;17.77
T001029;2025-05-02;S04;P008;C0061;2;6.81;0;0;8.88
T001030;2025-12-12;S02;P023;C0061;4;4.03;3.22;0;10.48
T001031;2025-07-30;S06;P009;C0025;4;7.07;4.24;0;15.59
T001032;2025-05-20;S02;P005;C0055;1;4.07;0.81;0;2.49
T001033;2025-03-08;S01;P029;C0102;4;1.9;0;0;4.78
T001034;2025-01-12;S03;P020;C0233;2;2.02;0.2;0;2.77
T001035;2025-10-16;S04;P018;C0128;5;6.51;0;0;22.91
T001036;2025-07-08;S04;P005;C0208;3;3.9;1.17;0;7.42
T001037;2025-03-10;S01;P007;C0081;5;5.57;0;0;18
T001038;2025-07-06;S03;P030;C0203;1;2.59;0.39;0;1.63
T001039;2025-09-16;S02;P022;C0205;3;3.72;0;0;6.54
T001040;2025-10-02;S01;P014;C0008;4;4.19;0;0;10.12
T001041;2025-01-10;S06;P007;C0137;2;5.46;0;0;6.32
T001042;2025-09-11;S02;P010;C0139;5;1.45;0;0;4.87
T001043;2025-07-21;S03;P004;C0205;3;3.8;0.57;0;6.63
T001044;2025-06-30;S01;P026;C0001;5;6.57;0;0;18.23
T001045;2025-06-06;S05;P026;C0062;4;6.63;0;0;18.48
T001046;2025-02-27;S04;P019;C0015;5;1.27;0;0;4.38
T001047;2025-02-27;S06;P030;C0036;1;2.98;0;0;1.67
T001048;2025-05-26;S01;P028;C0058;5;1.27;0;0;3.74
T001049;2025-11-05;S04;P006;C0014;5;4.94;4.94;0;15.9
T001050;2025-12-31;S02;P019;C0057;1;1.41;0;0;0.94
T001051;2025-05-03;S05;P024;C0006;1;4.55;0.46;0;3.1
T001052;2025-07-11;S04;P007;C0150;5;5.9;0;0;16.94
T001053;2025-12-29;S06;P011;C0130;3;2.18;0;0;4.15
T001054;2025-03-10;S05;P003;C0124;5;2.9;0;0;9.13
T001055;2025-03-29;S04;P025;C0091;4;5.21;0;0;13.37
T001056;2025-03-10;S03;P001;C0124;1;1.31;0.26;0;0.85
T001057;2025-11-19;S04;P009;C0145;3;7;0;0;14.34
T001058;2025-03-22;S04;P021;C0079;4;2.63;0;0;6.31
T001059;2025-12-18;S04;P001;C0080;2;1.42;0;0;1.91
T001060;2025-05-26;S05;P021;C0193;4;2.85;1.71;0;6.71
T001061;2025-02-04;S05;P026;C0063;3;5.85;0;0;9.93
T001062;2025-02-28;S03;P022;C0186;1;3.6;0.72;0;2.48
T001063;2025-05-01;S02;P028;C0073;5;1.44;0;0;4.33
T001064;2025-01-26;S06;P023;C0035;1;4.02;0.2;0;2.46
T001065;2025-12-15;S02;P015;C0124;1;5.37;0;0;3.08
T001066;2025-06-06;S02;P021;C0228;4;2.64;0.53;0;6.79
T001067;2025-10-29;S06;P025;C0019;4;5.27;0;0;14.5
T001068;2025-08-11;S05;P012;C0164;3;3;1.8;0;5.35
T001069;2025-05-12;S06;P004;C0094;2;3.32;1.33;0;4.1
T001070;2025-10-13;S06;P012;C0158;5;2.64;0.66;0;9.02
T001071;2025-08-10;S03;P007;C0185;4;5.2;2.08;0;12.84
T001072;2025-11-21;S03;P011;C0068;3;2.13;0;0;3.89
T001073;2025-07-08;S02;P028;C0005;4;1.36;0;0;3.2
T001074;2025-09-26;S05;P019;C0042;4;1.38;0;0;3.86
T001075;2025-08-22;S05;P002;C0156;5;2.18;0;0;7.68
T001076;2025-11-29;S06;P008;C0033;2;6.44;1.93;0;9
T001077;2025-02-12;S06;P013;C0238;3;3.6;0;0;6.51
T001078;2025-06-01;S05;P009;C0123;1;7.49;0;0;4.8
T001079;2025-02-21;S03;P013;C0153;5;3.72;0;0;10.41
T001080;2025-03-22;S06;P021;C0240;5;2.82;0.71;0;9.98
T001081;2025-03-28;S01;P013;C0163;4;3.36;0;0;8.13
T001082;2025-02-18;S06;P021;C0194;4;2.86;0;0;6.95
T001083;2025-11-25;S03;P021;C0141;5;2.57;0;0;7.31
T001084;2025-03-12;S01;P020;C0167;3;2.14;0;1;3.53
T001085;2025-04-24;S06;P029;C0168;4;2.14;0;0;5.7
T001086;2025-07-26;S02;P007;C0001;4;5.72;0;0;13.38
T001087;2025-04-10;S03;P027;C0146;5;6.61;0;0;19.11
T001088;2025-07-12;S04;P008;C0031;3;6.56;0;0;12.83
T001089;2025-01-30;S05;P019;C0087;5;1.45;0;0;4.43
T001090;2025-04-21;S05;P006;C0036;5;5.38;0;0;18.93
T001091;2025-06-17;S05;P007;C0087;5;6.14;4.6;0;21.03
T001092;2025-10-02;S01;P006;C0018;3;4.95;0;0;10.4
T001093;2025-05-19;S05;P030;C0091;4;2.99;0;0;7.6
T001094;2025-01-31;S03;P013;C0162;1;3.81;0;1;2.44
T001095;2025-03-14;S01;P018;C0034;1;7.34;0.73;0;4.51
T001096;2025-10-24;S05;P006;C0002;5;5.3;0;1;18.62
T001097;2025-06-05;S05;P017;C0121;1;6.82;0.68;0;4.74
T001098;2025-02-15;S05;P019;C0152;2;1.43;0.14;0;1.98
T001099;2025-02-05;S01;P009;C0067;2;7.5;0;0;9.77
T001100;2025-01-16;S02;P007;C0080;5;5.98;0;0;16.48
T001101;2025-03-14;S01;P005;C0075;2;4.09;0;0;5.71
T001102;2025-06-29;S02;P001;C0104;3;1.43;0.64;1;2.63
T001103;2025-01-05;S06;P010;C0218;2;1.32;0.53;0;1.55
T001104;2025-06-03;S06;P015;C0167;5;4.85;0;0;16.06
T001105;2025-06-08;S02;P013;C0021;1;3.79;0;0;2.62
T001106;2025-05-04;S05;P012;C0017;1;3.04;0;0;1.8
T001107;2025-01-24;S06;P024;C0026;4;5.15;0;0;14.26
T001108;2025-12-04;S06;P014;C0036;2;4.03;0;0;5.36
T001109;2025-02-23;S06;P007;C0046;4;5.3;3.18;0;14.81
T001110;2025-01-03;S01;P015;C0193;5;5.08;3.81;0;15.64
T001111;2025-01-30;S04;P026;C0086;2;6.17;0;0;7.03
T001112;2025-11-27;S02;P013;C0016;2;3.33;0.67;0;3.97
T001113;2025-04-23;S04;P006;C0113;1;5;0.75;0;2.97
T001114;2025-04-01;S03;P007;C0065;2;6.13;0;0;8.26
T001115;2025-11-20;S01;P009;C0066;3;7.2;0;0;14.9
T001116;2025-07-15;S01;P007;C0223;1;6.12;0;0;3.79
T001117;2025-12-27;S05;P009;C0016;5;6.62;3.31;0;22.93
T001118;2025-07-08;S01;P030;C0032;4;2.79;0;0;7.88
T001119;2025-12-09;S01;P005;C0136;2;4.24;0;0;5.45
T001120;2025-02-25;S01;P030;C0163;1;2.78;0;0;1.93
T001121;2025-04-02;S01;P007;C0098;3;6.1;2.75;0;12.01
T001122;2025-03-17;S05;P022;C0183;3;3.31;0;0;5.52
T001123;2025-12-12;S05;P026;C0231;3;5.88;0.88;0;9.86
T001124;2025-09-17;S03;P021;C0080;3;3;0;0;5.58
T001125;2025-09-13;S06;P019;C0023;3;1.26;0;0;2.64
T001126;2025-03-15;S03;P003;C0043;1;2.59;0;0;1.5
T001127;2025-06-23;S02;P014;C0166;1;3.95;0;0;2.61
T001128;2025-09-18;S04;P020;C0147;3;2.1;0;1;4.18
T001129;2025-04-19;S04;P027;C0113;5;7.72;3.86;0;22.16
T001130;2025-09-25;S02;P002;C0203;3;2.08;0;0;3.88
T001131;2025-10-03;S01;P006;C0152;3;5.28;3.17;0;9.42
T001132;2025-08-02;S02;P015;C0238;4;5.36;3.22;0;12.33
T001133;2025-05-25;S02;P020;C0156;2;2.06;0;0;2.81
T001134;2025-09-28;S06;P006;C0226;4;4.54;0;0;12.2
T001135;2025-06-22;S05;P020;C0020;4;2.13;0;0;5.45
T001136;2025-10-01;S01;P020;C0059;2;1.89;0;0;2.19
T001137;2025-03-21;S03;P023;C0033;2;4.49;0;0;6.17
T001138;2025-10-11;S02;P017;C0036;4;6.32;0;0;17.86
T001139;2025-02-25;S03;P003;C0086;3;2.61;1.57;0;5.3
T001140;2025-03-09;S02;P024;C0047;5;5.19;2.6;0;15.25
T001141;2025-01-03;S01;P014;C0218;5;4.58;4.58;0;13.28
T001142;2025-06-22;S06;P029;C0194;1;1.9;0;0;1.23
T001143;2025-04-22;S01;P025;C0009;4;5.35;0;0;11.89
T001144;2025-12-03;S06;P026;C0210;4;6.58;2.63;0;17.8
T001145;2025-10-20;S04;P012;C0240;1;2.68;0;0;1.5
T001146;2025-11-21;S02;P002;C0219;2;2.21;0;1;3.01
T001147;2025-09-02;S05;P009;C0205;5;7.7;0;0;21.52
T001148;2025-12-20;S05;P003;C0057;2;2.67;0;0;3.27
T001149;2025-03-08;S03;P019;C0023;4;1.32;0.79;0;3.14
T001150;2025-10-08;S06;P003;C0221;3;2.96;0.44;0;5.75
T001151;2025-04-28;S02;P027;C0107;1;7.03;0;0;4.97
T001152;2025-10-09;S01;P018;C0025;1;7.57;0;0;4.3
T001153;2025-01-18;S05;P027;C0232;4;7.36;0;0;19.31
T001154;2025-01-04;S02;P029;C0080;2;2.16;0;1;2.93
T001155;2025-10-03;S05;P008;C0151;2;6.49;0;0;7.64
T001156;2025-08-31;S03;P010;C0232;4;1.28;0;0;3.55
T001157;2025-03-12;S01;P029;C0104;1;2;0;0;1.23
T001158;2025-08-08;S01;P012;C0216;2;2.99;0.3;0;3.52
T001159;2025-04-25;S01;P030;C0224;5;2.9;0;0;9.13
T001160;2025-08-27;S01;P027;C0099;5;7.16;0;0;24.18
T001161;2025-04-03;S06;P019;C0206;1;1.32;0;0;0.76
T001162;2025-07-31;S05;P027;C0087;2;6.78;2.71;0;8.96
T001163;2025-07-09;S04;P019;C0144;4;1.36;0.27;0;3.39
T001164;2025-09-23;S05;P006;C0133;4;4.84;0.97;0;12.77
T001165;2025-09-28;S04;P019;C0226;5;1.38;0;0;4.84
T001166;2025-10-06;S04;P030;C0196;3;3.03;0;0;6.13
T001167;2025-05-09;S02;P004;C0070;5;3.78;1.89;0;12.04
T001168;2025-02-19;S03;P014;C0155;4;4.38;0;0;10.66
T001169;2025-04-23;S03;P029;C0059;2;1.92;0;0;2.24
T001170;2025-01-01;S04;P005;C0157;2;4.38;0;0;5.87
T001171;2025-10-19;S06;P015;C0084;5;4.84;2.42;0;14.65
T001172;2025-10-08;S05;P021;C0134;5;2.54;1.9;0;7.45
T001173;2025-06-11;S03;P020;C0136;2;2;0.6;0;2.47
T001174;2025-03-09;S01;P023;C0015;4;4.16;0;0;9.6
T001175;2025-07-25;S03;P021;C0084;2;2.98;0.3;0;3.74
T001176;2025-02-12;S01;P024;C0004;3;5.38;0;0;10.55
T001177;2025-05-26;S06;P028;C0150;4;1.39;0;0;3.66
T001178;2025-03-25;S03;P002;C0073;1;2.08;0;0;1.34
T001179;2025-01-15;S04;P028;C0025;5;1.27;1.27;0;4.01
T001180;2025-03-17;S04;P019;C0119;2;1.29;0;0;1.58
T001181;2025-07-09;S05;P001;C0034;3;1.38;0;0;2.61
T001182;2025-07-19;S06;P026;C0238;2;6.24;2.5;0;8.26
T001183;2025-10-21;S02;P005;C0090;4;4.2;0;0;10.12
T001184;2025-06-20;S06;P024;C0075;4;5.13;0;0;14.12
T001185;2025-09-05;S06;P014;C0217;1;4.28;0.64;0;2.82
T001186;2025-09-03;S04;P005;C0200;2;4;0;0;5.54
T001187;2025-03-09;S06;P005;C0206;4;4.6;0;0;11.96
T001188;2025-02-23;S04;P014;C0006;4;4.54;0;0;12.73
T001189;2025-03-15;S05;P017;C0151;3;6.02;0;0;12.42
T001190;2025-03-20;S01;P030;C0002;3;3.01;0;0;5.31
T001191;2025-12-23;S03;P005;C0187;1;3.99;0.6;0;2.82
T001192;2025-07-09;S06;P024;C0184;3;5.24;0;0;11.15
T001193;2025-12-21;S01;P011;C0176;5;2.15;1.07;0;6.91
T001194;2025-01-25;S03;P022;C0071;4;3.52;0;1;7.94
T001195;2025-05-21;S03;P017;C0079;3;6.21;3.73;0;10.44
T001196;2025-05-14;S02;P014;C0029;4;4.2;1.68;0;10.85
T001197;2025-02-22;S04;P027;C0006;1;6.86;0;0;3.87
T001198;2025-07-17;S05;P015;C0151;2;5.19;0;0;6.41
T001199;2025-12-27;S02;P007;C0185;4;6.03;0;0;15.57
T001200;2025-02-03;S05;P006;C0052;2;4.96;1.98;0;5.74
T001201;2025-07-11;S02;P017;C0189;4;5.92;0;0;16.34
T001202;2025-01-23;S03;P023;C0020;3;4.18;0;0;8.04
T001203;2025-07-07;S01;P027;C0107;1;7.46;0.37;0;4.45
T001204;2025-05-23;S02;P021;C0130;2;2.99;0;0;3.41
T001205;2025-12-03;S01;P026;C0199;5;6.66;6.66;0;23.14
T001206;2025-05-04;S01;P002;C0164;3;2.21;0;0;4.39
T001207;2025-09-10;S03;P003;C0140;4;2.71;0;0;6.08
T001208;2025-03-30;S04;P022;C0065;3;3.72;0;0;7.2
T001209;2025-07-07;S06;P024;C0013;2;5.08;0;0;6.88
T001210;2025-07-20;S03;P005;C0173;1;4.42;0.88;0;2.86
T001211;2025-03-19;S02;P008;C0053;2;6.21;0;0;6.96
T001212;2025-03-08;S04;P030;C0062;3;2.81;0;0;4.87
T001213;2025-09-26;S02;P008;C0115;2;6.39;0;0;8.4
T001214;2025-08-15;S05;P011;C0019;3;2;0;0;3.5
T001215;2025-05-07;S01;P002;C0089;1;2.08;0;0;1.41
T001216;2025-05-08;S04;P027;C0015;5;6.71;0;0;23.16
T001217;2025-11-15;S05;P024;C0009;3;4.61;0;0;8.01
T001218;2025-08-13;S05;P022;C0080;3;3.21;0.48;0;5.36
T001219;2025-05-24;S03;P009;C0073;1;7.32;1.46;0;4.4
T001220;2025-11-12;S04;P014;C0207;5;4.23;2.11;0;12
T001221;2025-12-17;S06;P009;C0108;4;6.51;0;0;16.45
T001222;2025-02-24;S02;P027;C0125;3;6.89;0;0;13.95
T001223;2025-05-16;S03;P019;C0040;5;1.44;1.08;0;4.31
T001224;2025-11-13;S03;P022;C0098;3;3.33;1;0;6.24
T001225;2025-08-26;S02;P002;C0118;3;2.23;0;0;4.5
T001226;2025-07-13;S04;P019;C0055;1;1.26;0;0;0.83
T001227;2025-07-13;S04;P002;C0184;3;1.92;0;0;3.41
T001228;2025-12-12;S05;P015;C0223;3;5.2;0;0;8.82
T001229;2025-07-12;S05;P010;C0187;5;1.4;0;0;4.14
T001230;2025-09-02;S06;P028;C0239;5;1.36;0;0;4.33
T001231;2025-12-26;S01;P003;C0204;2;2.8;0;0;3.35
T001232;2025-01-02;S06;P004;C0157;3;3.8;0;1;6.5
T001233;2025-06-02;S03;P013;C0097;5;3.6;0.9;0;11.95
T001234;2025-11-17;S03;P022;C0186;3;3.73;0;0;7.33
T001235;2025-04-26;S02;P009;C0029;1;7.44;0;0;4.71
T001236;2025-05-11;S06;P006;C0136;5;5.26;0;0;18.56
T001237;2025-05-10;S05;P017;C0172;1;5.82;0.58;0;4.11
T001238;2025-08-11;S06;P003;C0154;5;2.55;0;0;7.57
T001239;2025-11-09;S03;P018;C0019;3;7.48;0;0;14.11
T001240;2025-11-29;S06;P008;C0200;1;6.8;1.02;0;4.1
T001241;2025-02-09;S04;P007;C0166;2;5.93;2.37;0;6.77
T001242;2025-08-21;S04;P020;C0071;2;1.97;0;0;2.56
T001243;2025-03-31;S03;P025;C0231;1;6.01;0.6;0;4.18
T001244;2025-11-19;S02;P020;C0221;1;2.08;0;0;1.33
T001245;2025-03-03;S05;P021;C0108;1;2.7;0.41;0;1.6
T001246;2025-07-17;S05;P014;C0178;1;4.38;0;0;2.94
T001247;2025-01-19;S01;P021;C0019;4;2.84;0;0;7.16
T001248;2025-02-02;S04;P020;C0136;3;2.15;0;0;3.93
T001249;2025-11-05;S02;P021;C0233;3;2.67;0;0;4.9
T001250;2025-06-23;S05;P015;C0181;4;4.87;0.97;0;12.83
T001251;2025-05-01;S05;P026;C0024;5;6.21;3.11;0;19.45
T001252;2025-04-11;S06;P025;C0191;1;6.1;0;0;3.95
T001253;2025-05-30;S01;P014;C0185;4;4.05;0;1;9.61
T001254;2025-05-15;S03;P009;C0034;3;6.49;0.97;0;12.64
T001255;2025-01-25;S02;P017;C0202;2;6.56;0.66;0;9.31
T001256;2025-11-13;S05;P029;C0065;2;2.12;0.64;0;2.69
T001257;2025-05-29;S02;P005;C0128;5;4.11;0;0;12.76
T001258;2025-10-08;S03;P028;C0134;4;1.33;0;0;2.96
T001259;2025-08-05;S05;P008;C0082;4;6.77;4.06;0;15.52
T001260;2025-07-09;S06;P022;C0007;1;3.37;0;0;2.27
T001261;2025-05-04;S06;P024;C0122;4;4.67;0;0;11.17
T001262;2025-04-22;S03;P010;C0054;2;1.33;0;1;1.85
T001263;2025-08-15;S05;P021;C0018;1;2.83;0;0;1.7
T001264;2025-02-17;S02;P021;C0050;1;3.01;0.6;0;2.06
T001265;2025-09-08;S01;P013;C0109;1;3.45;0;0;2.02
T001266;2025-09-26;S01;P019;C0133;5;1.29;0.32;0;4.21
T001267;2025-11-12;S01;P008;C0047;2;6.21;1.86;0;7.66
T001268;2025-07-18;S05;P009;C0095;2;7.39;0;0;9.91
T001269;2025-10-29;S03;P011;C0239;3;1.9;0.57;0;3.14
T001270;2025-04-16;S04;P013;C0047;4;3.29;1.97;1;8.17
T001271;2025-01-08;S01;P020;C0054;3;2.18;1.31;0;4.25
T001272;2025-10-09;S05;P023;C0136;3;4.53;0;0;8.4
T001273;2025-03-04;S01;P030;C0125;2;2.57;0.77;0;3.26
T001274;2025-04-28;S05;P014;C0202;2;3.86;0;0;4.35
T001275;2025-01-21;S01;P012;C0111;1;2.93;0.15;0;1.93
T001276;2025-02-12;S05;P015;C0161;3;5.18;0;0;10.38
T001277;2025-07-16;S02;P004;C0019;3;3.73;0;0;6.24
T001278;2025-12-02;S04;P008;C0129;5;6.03;0;0;18.02
T001279;2025-04-21;S04;P012;C0016;2;2.93;0;0;4.08
T001280;2025-12-02;S04;P013;C0152;2;3.79;1.14;0;5.26
T001281;2025-09-25;S06;P006;C0113;3;4.7;0;0;9.34
T001282;2025-10-28;S02;P019;C0227;2;1.45;0;0;1.85
T001283;2025-03-23;S02;P006;C0055;4;5.22;0;0;14.06
T001284;2025-04-08;S01;P014;C0016;2;4.37;0;0;5.82
T001285;2025-07-16;S03;P022;C0219;1;3.76;0.75;0;2.38
T001286;2025-03-21;S06;P007;C0220;1;5.25;0.26;0;2.93
T001287;2025-08-30;S03;P025;C0170;4;5.9;0;0;13.08
T001288;2025-10-19;S02;P018;C0218;1;7.12;0;0;4.19
T001289;2025-02-04;S03;P009;C0202;3;7.66;0;0;13.63
T001290;2025-08-04;S03;P005;C0004;2;4.22;0.84;0;5.74
T001291;2025-05-16;S05;P025;C0217;4;5.76;0;0;15.14
T001292;2025-10-25;S04;P028;C0154;3;1.33;0;0;2.32
T001293;2025-05-19;S03;P017;C0186;3;6.41;0;0;11.84
T001294;2025-01-05;S01;P021;C0186;4;2.97;1.78;0;7.2
T001295;2025-08-07;S01;P023;C0194;5;4;0;1;13.8
T001296;2025-12-23;S03;P021;C0227;5;2.65;0;0;9.25
T001297;2025-09-21;S01;P020;C0078;4;1.9;0.76;1;4.34
T001298;2025-11-03;S05;P004;C0029;1;3.59;0;0;2
T001299;2025-07-02;S03;P003;C0043;5;2.86;2.86;0;9.01
T001300;2025-10-11;S02;P015;C0133;1;4.89;0;0;2.89
T001301;2025-12-03;S06;P012;C0199;4;2.54;0;0;6.39
T001302;2025-07-30;S02;P019;C0196;2;1.45;0;0;1.95
T001303;2025-11-01;S05;P017;C0086;1;5.98;0;0;3.88
T001304;2025-07-24;S01;P016;C0123;4;5.73;3.44;0;15.74
T001305;2025-12-07;S01;P026;C0093;3;6.63;1.99;0;12.6
T001306;2025-02-17;S02;P030;C0164;1;2.78;0;0;1.68
T001307;2025-06-05;S05;P018;C0013;5;7.35;0;0;24.04
T001308;2025-12-14;S06;P029;C0064;1;1.91;0;0;1.17
T001309;2025-10-30;S06;P006;C0164;3;4.77;0.72;0;9.09
T001310;2025-11-28;S06;P006;C0089;3;4.66;0;0;8.43
T001311;2025-12-23;S06;P011;C0067;3;2.24;0;0;3.73
T001312;2025-09-30;S02;P019;C0028;3;1.36;0;0;2.72
T001313;2025-03-07;S03;P007;C0218;1;5.9;0;0;3.6
T001314;2025-11-19;S05;P009;C0116;1;7.02;0.7;0;4.84
T001315;2025-03-14;S05;P005;C0083;2;4.34;0;0;5.8
T001316;2025-08-08;S01;P025;C0032;2;5.26;0;0;5.94
T001317;2025-11-12;S06;P003;C0209;3;2.76;0;0;4.77
T001318;2025-07-31;S02;P021;C0137;4;2.61;0;0;6.46
T001319;2025-09-28;S01;P010;C0063;1;1.29;0.06;0;0.75
T001320;2025-01-22;S05;P022;C0075;2;3.72;0.37;0;4.66
T001321;2025-12-23;S01;P007;C0013;5;6.05;0;0;16.92
T001322;2025-10-18;S01;P008;C0087;2;6.5;0;0;7.65
T001323;2025-04-24;S01;P012;C0032;3;2.95;0;0;5.53
T001324;2025-05-20;S06;P002;C0170;5;2.17;0;0;7.46
T001325;2025-11-20;S01;P027;C0088;5;6.64;1.66;0;20.85
T001326;2025-01-27;S06;P020;C0091;5;2.1;0;0;6.92
T001327;2025-01-17;S06;P002;C0002;4;2.04;0;0;5.37
T001328;2025-02-27;S02;P018;C0073;5;7.13;0;0;20.35
T001329;2025-11-06;S04;P030;C0203;3;2.83;0.85;0;5.1
T001330;2025-02-04;S02;P008;C0237;2;6.25;0;0;8.39
T001331;2025-09-12;S05;P029;C0137;3;1.98;0;0;3.92
T001332;2025-02-26;S02;P028;C0173;1;1.41;0;0;0.99
T001333;2025-06-02;S03;P009;C0177;2;6.96;0.7;0;9.32
T001334;2025-05-17;S06;P029;C0047;2;1.97;0;1;2.69
T001335;2025-04-26;S06;P007;C0089;5;5.64;0;0;18.33
T001336;2025-12-10;S04;P008;C0222;5;6.37;1.59;0;20.36
T001337;2025-04-03;S03;P010;C0065;3;1.3;0.78;0;2.76
T001338;2025-01-17;S06;P018;C0106;4;7.55;0;0;19.35
T001339;2025-10-16;S06;P025;C0149;5;5.53;1.38;0;17.09
T001340;2025-12-26;S04;P017;C0077;1;5.83;0;0;3.8
T001341;2025-11-23;S05;P002;C0170;2;1.99;0.2;0;2.48
T001342;2025-06-17;S06;P002;C0203;4;1.9;0;0;5.18
T001343;2025-05-23;S06;P023;C0222;2;3.94;0;0;5.23
T001344;2025-11-07;S05;P029;C0157;3;2.07;0;0;3.86
T001345;2025-08-19;S05;P001;C0013;5;1.26;0;0;3.51
T001346;2025-06-30;S01;P025;C0032;5;5.63;2.81;0;18.92
T001347;2025-03-09;S01;P003;C0223;2;2.81;1.12;0;3.83
T001348;2025-10-26;S01;P015;C0027;3;5.08;0;0;10.52
T001349;2025-09-06;S03;P002;C0052;4;1.94;1.16;0;4.41
T001350;2025-08-25;S05;P012;C0014;3;2.94;0;0;5.55
T001351;2025-12-21;S04;P016;C0041;5;6.08;3.04;0;19.8
T001352;2025-05-14;S02;P003;C0144;1;2.68;0;0;1.88
T001353;2025-08-10;S02;P016;C0081;5;5.86;1.47;0;16.65
T001354;2025-03-09;S06;P016;C0217;4;5.55;0;0;14.22
T001355;2025-12-07;S04;P024;C0009;3;4.86;0.73;0;9.87
T001356;2025-12-07;S05;P007;C0088;2;5.62;0;0;7.87
T001357;2025-08-03;S03;P026;C0101;4;5.92;0;0;13.27
T001358;2025-01-13;S03;P009;C0169;2;7.7;0.77;0;9.16
T001359;2025-08-06;S03;P026;C0239;3;6.79;0;0;12.61
T001360;2025-02-22;S04;P022;C0168;2;3.75;1.5;0;4.46
T001361;2025-10-14;S06;P001;C0061;3;1.37;0;0;2.31
T001362;2025-05-21;S04;P016;C0203;1;5.62;0;0;3.66
T001363;2025-05-04;S02;P015;C0207;1;4.75;0.71;0;3.04
T001364;2025-11-01;S02;P018;C0002;2;7.05;0;0;9.59
T001365;2025-10-01;S06;P024;C0061;3;5.19;0;0;9.99
T001366;2025-03-13;S04;P029;C0046;4;1.92;0;0;4.57
T001367;2025-11-28;S05;P010;C0022;2;1.43;0;0;1.97
T001368;2025-12-21;S06;P002;C0002;5;2.04;1.53;0;5.68
T001369;2025-09-12;S01;P025;C0009;5;6.17;0;0;19.42
T001370;2025-10-11;S02;P012;C0041;4;2.62;0;0;6.85
T001371;2025-09-24;S03;P008;C0105;3;5.94;0;0;11.49
T001372;2025-09-20;S05;P026;C0043;1;6.56;0;0;4.23
T001373;2025-01-01;S04;P002;C0190;5;2.02;2.02;0;5.86
T001374;2025-04-02;S03;P017;C0082;3;6.47;0;1;13.16
T001375;2025-04-02;S06;P004;C0135;4;3.33;0;0;7.35
T001376;2025-03-31;S06;P023;C0033;2;4.21;1.68;0;5.23
T001377;2025-10-20;S03;P011;C0154;1;1.98;0.3;0;1.2
T001378;2025-08-06;S04;P029;C0072;1;2.25;0;0;1.3
T001379;2025-08-23;S03;P030;C0114;2;2.61;0.26;0;3.03
T001380;2025-08-07;S03;P013;C0229;1;3.54;0.71;0;2.16
T001381;2025-10-19;S02;P018;C0073;5;6.95;0;0;22.23
T001382;2025-04-21;S03;P028;C0018;1;1.45;0;0;0.96
T001383;2025-12-14;S01;P026;C0048;3;6.61;0;0;13.18
T001384;2025-12-19;S04;P026;C0071;2;6.47;0;0;7.95
T001385;2025-06-23;S04;P013;C0139;1;3.25;0;0;1.89
T001386;2025-04-24;S01;P029;C0050;2;2.23;0;0;3.14
T001387;2025-03-12;S02;P015;C0151;2;5.05;0;0;6.99
T001388;2025-08-18;S05;P004;C0080;3;3.69;1.11;0;6.49
T001389;2025-08-03;S02;P029;C0165;3;1.93;0;0;3.96
T001390;2025-08-24;S02;P028;C0136;5;1.26;0.94;0;3.94
T001391;2025-05-17;S03;P001;C0120;1;1.45;0;0;1.02
T001392;2025-10-15;S03;P029;C0127;5;2.03;1.02;0;7.05
T001393;2025-06-07;S05;P024;C0114;5;4.7;0;0;15.92
T001394;2025-04-18;S02;P024;C0217;2;5.4;1.62;0;7.56
T001395;2025-06-28;S02;P005;C0051;4;4.04;0;0;9.28
T001396;2025-11-29;S01;P004;C0008;3;3.78;0;0;7.88
T001397;2025-02-18;S02;P027;C0164;2;7.45;0;0;8.43
T001398;2025-05-16;S01;P023;C0132;1;4.43;0.22;0;2.47
T001399;2025-12-23;S04;P012;C0133;1;2.64;0.53;0;1.7
T001400;2025-08-14;S03;P004;C0027;1;3.37;0.34;0;2.08
T001401;2025-04-17;S06;P001;C0146;4;1.41;0;0;3.99
T001402;2025-01-09;S04;P009;C0193;4;6.8;0;0;17.35
T001403;2025-12-13;S01;P018;C0036;3;7.52;0;0;12.48
T001404;2025-10-10;S04;P028;C0125;2;1.36;0.54;0;1.71
T001405;2025-04-14;S05;P009;C0014;4;7.36;0;0;17.69
T001406;2025-04-07;S01;P008;C0026;5;6.69;0;0;20.25
T001407;2025-06-29;S05;P007;C0233;5;6.11;1.53;0;18.57
T001408;2025-08-31;S02;P025;C0182;3;5.8;3.48;1;9.57
T001409;2025-06-01;S04;P019;C0011;5;1.29;0.97;0;3.62
T001410;2025-02-20;S04;P015;C0144;5;5.33;2.67;0;18.19
T001411;2025-05-06;S02;P028;C0086;3;1.42;0;1;2.58
T001412;2025-10-27;S02;P004;C0102;5;3.73;3.73;0;10.85
T001413;2025-12-23;S04;P017;C0070;2;6.54;0;0;7.29
T001414;2025-05-19;S03;P020;C0109;3;2.02;0;0;3.59
T001415;2025-03-15;S06;P010;C0185;5;1.33;1;0;4.52
T001416;2025-03-05;S03;P028;C0152;3;1.38;0;0;2.84
T001417;2025-08-14;S05;P002;C0162;3;1.91;0.86;0;3.47
T001418;2025-12-04;S06;P001;C0146;4;1.24;0.74;0;3.01
T001419;2025-12-26;S03;P017;C0170;4;6.9;0;0;18.5
T001420;2025-03-18;S02;P015;C0093;1;4.74;0.47;0;3.25
T001421;2025-09-06;S01;P025;C0164;3;5.24;2.36;0;10.54
T001422;2025-11-04;S02;P015;C0155;3;4.93;1.48;0;10.04
T001423;2025-02-12;S01;P017;C0066;1;6.69;0;0;4.72
T001424;2025-05-31;S01;P014;C0050;2;3.9;0;0;4.56
T001425;2025-03-15;S06;P022;C0052;4;3.42;0;0;8.85
T001426;2025-05-02;S03;P030;C0081;4;2.9;0;0;8.09
T001427;2025-02-07;S01;P019;C0170;1;1.41;0;0;0.9
T001428;2025-11-28;S01;P006;C0174;4;4.88;0;0;11.6
T001429;2025-07-12;S03;P015;C0180;4;4.62;0;0;10.63
T001430;2025-02-04;S05;P002;C0028;3;2.22;0.67;0;4.17
T001431;2025-12-08;S01;P002;C0081;3;2;1.2;0;3.35
T001432;2025-11-26;S03;P002;C0034;3;2.01;0;0;4.08
T001433;2025-03-24;S06;P026;C0065;4;6.3;5.04;0;14.11
T001434;2025-11-14;S04;P006;C0156;4;4.81;0.96;0;11.46
T001435;2025-05-10;S02;P009;C0183;2;6.6;1.98;0;8.4
T001436;2025-08-21;S01;P020;C0181;3;1.9;0.29;0;3.94
T001437;2025-06-01;S02;P003;C0211;4;3;0;0;6.96
T001438;2025-10-19;S02;P019;C0095;1;1.36;0;0;0.85
T001439;2025-10-17;S01;P027;C0183;5;7;0;0;22.19
T001440;2025-11-22;S05;P005;C0131;5;4.29;0;0;14.75
T001441;2025-03-02;S01;P029;C0133;1;2.05;0;0;1.3
T001442;2025-03-02;S05;P015;C0143;4;5.31;0;0;14.52
T001443;2025-12-14;S01;P007;C0173;4;5.96;4.77;0;14.32
T001444;2025-05-08;S01;P008;C0195;4;6.79;0;0;19.03
T001445;2025-07-26;S06;P028;C0006;3;1.26;0;0;2.39
T001446;2025-08-13;S03;P004;C0101;2;3.56;0;0;5.05
T001447;2025-04-19;S06;P029;C0231;4;1.91;0;0;4.47
T001448;2025-10-13;S05;P029;C0019;3;2.25;0.34;0;4.15
T001449;2025-01-28;S04;P023;C0117;5;4.05;4.05;0;11.52
T001450;2025-06-15;S02;P008;C0007;3;6.84;0;0;12.17
T001451;2025-11-03;S03;P009;C0231;2;7.4;0;0;9.63
T001452;2025-02-01;S05;P027;C0225;5;7.58;0;0;25.02
T001453;2025-03-03;S04;P012;C0199;2;2.98;0;0;3.28
T001454;2025-06-12;S04;P012;C0065;5;2.66;1.33;0;8.96
T001455;2025-11-17;S03;P002;C0202;1;2.03;0;0;1.19
T001456;2025-03-27;S01;P003;C0223;3;2.6;1.56;0;4.78
T001457;2025-04-03;S04;P004;C0046;1;3.32;0.66;0;2.07
T001458;2025-05-17;S05;P020;C0047;4;2.19;0;0;5.67
T001459;2025-10-17;S02;P003;C0117;3;2.8;0;0;4.77
T001460;2025-03-19;S02;P025;C0167;2;5.29;1.59;0;7.4
T001461;2025-06-18;S06;P020;C0059;5;2.16;0;0;6.03
T001462;2025-11-18;S05;P013;C0156;1;3.43;0.51;0;2.08
T001463;2025-10-26;S06;P014;C0091;5;4.16;0;0;14.57
T001464;2025-10-07;S03;P011;C0040;1;1.94;0;0;1.16
T001465;2025-10-01;S03;P022;C0065;2;3.8;0.76;0;5.22
T001466;2025-01-17;S04;P028;C0187;3;1.34;0;0;2.23
T001467;2025-02-20;S05;P008;C0073;4;6.38;5.1;0;17.79
T001468;2025-01-20;S01;P013;C0173;2;3.76;0;0;4.54
T001469;2025-08-02;S01;P027;C0068;5;7.2;5.4;0;21.54
T001470;2025-10-30;S06;P012;C0195;2;3.02;0;0;4.06
T001471;2025-02-14;S04;P006;C0126;3;5.31;0;0;9.24
T001472;2025-03-31;S06;P010;C0232;5;1.32;0;0;4.16
T001473;2025-08-16;S05;P016;C0122;2;5.96;1.79;0;7.28
T001474;2025-08-24;S06;P007;C0213;5;5.24;0;0;17.01
T001475;2025-10-04;S01;P025;C0064;4;6.16;0;0;17.38
T001476;2025-08-16;S01;P021;C0214;3;2.66;0;0;4.46
T001477;2025-04-27;S02;P014;C0114;3;4.39;0;0;7.34
T001478;2025-02-27;S03;P029;C0211;3;1.96;0.88;0;3.53
T001479;2025-08-14;S05;P005;C0226;1;4.47;0;0;2.83
T001480;2025-07-08;S02;P029;C0054;2;2.25;0;0;2.84
T001481;2025-12-20;S01;P018;C0106;5;7.11;0;0;22.98
T001482;2025-06-11;S04;P021;C0033;3;2.89;1.3;0;5.31
T001483;2025-04-08;S06;P013;C0122;1;3.41;0;0;2.39
T001484;2025-05-26;S03;P015;C0079;4;4.79;0;0;11.86
T001485;2025-09-20;S01;P004;C0192;5;3.57;0;0;12.23
T001486;2025-10-21;S03;P010;C0112;5;1.25;0;0;3.69
T001487;2025-08-17;S06;P021;C0006;3;2.74;0;0;4.9
T001488;2025-03-12;S03;P022;C0014;4;3.44;0;0;8.96
T001489;2025-05-29;S01;P014;C0116;2;3.91;0;0;5.19
T001490;2025-03-03;S03;P003;C0178;1;2.72;0.27;0;1.55
T001491;2025-02-28;S01;P019;C0006;5;1.43;1.07;0;4.09
T001492;2025-08-31;S01;P002;C0038;2;1.89;0.57;0;2.58
T001493;2025-11-21;S03;P014;C0078;2;4.32;0.43;1;5.01
T001494;2025-02-06;S01;P020;C0224;2;1.92;0;0;2.12
T001495;2025-04-10;S06;P024;C0132;5;5.27;0;0;17.99
T001496;2025-07-12;S04;P005;C0118;3;3.97;0;0;7.93
T001497;2025-06-27;S06;P008;C0074;5;6.02;0;0;19.49
T001498;2025-05-08;S06;P010;C0088;3;1.44;0.22;0;2.83
T001499;2025-11-01;S05;P021;C0027;5;2.76;0;1;9.28
T001500;2025-01-18;S01;P005;C0098;1;4.55;0;0;3.06
T001501;2025-11-12;S05;P004;C0212;4;3.58;2.15;0;8.43
T001502;2025-12-19;S05;P008;C0138;4;6.37;1.27;0;15.03
T001503;2025-11-28;S04;P015;C0121;2;4.95;1.98;0;6.87
T001504;2025-11-09;S06;P025;C0127;1;6.14;0.61;0;3.39
T001505;2025-11-05;S02;P011;C0218;4;2.13;0;0;5.26
T001506;2025-02-01;S06;P028;C0048;4;1.39;0;0;3.23
T001507;2025-12-31;S01;P017;C0114;5;6.04;0;0;20.14
T001508;2025-09-04;S03;P028;C0172;4;1.32;0.26;0;3.63
T001509;2025-11-07;S01;P013;C0170;1;3.69;0.55;0;2.18
T001510;2025-05-20;S04;P021;C0141;4;2.74;2.19;0;7.16
T001511;2025-11-24;S01;P029;C0214;4;2.14;0;0;5.7
T001512;2025-11-03;S05;P010;C0135;5;1.38;0;0;4.11
T001513;2025-07-19;S03;P019;C0230;4;1.47;0;0;3.28
T001514;2025-01-11;S03;P017;C0020;4;6.11;0;0;14.03
T001515;2025-12-26;S06;P018;C0051;5;7.44;0;0;24.71
T001516;2025-09-09;S06;P013;C0008;1;3.29;0.49;0;2.16
T001517;2025-05-02;S01;P011;C0129;5;2.15;0;0;7.12
T001518;2025-10-02;S01;P026;C0118;4;5.9;4.72;0;13.57
T001519;2025-03-15;S03;P018;C0057;5;6.6;0;0;22.45
T001520;2025-11-02;S01;P009;C0019;1;7.41;0;0;4.57
T001521;2025-03-12;S02;P027;C0023;1;6.69;0;0;3.96
T001522;2025-07-30;S03;P002;C0113;1;2.01;0.4;0;1.41
T001523;2025-01-03;S01;P006;C0156;1;5.29;0.26;0;3.27
T001524;2025-09-23;S01;P010;C0050;1;1.3;0;0;0.75
T001525;2025-10-16;S01;P021;C0119;2;3.01;0.6;0;3.65
T001526;2025-10-14;S05;P012;C0087;1;2.62;0;0;1.81
T001527;2025-07-11;S04;P002;C0180;4;1.91;0;0;4.3
T001528;2025-01-21;S03;P002;C0015;3;2.16;0;0;3.77
T001529;2025-03-28;S04;P012;C0159;4;2.89;0;0;7.49
T001530;2025-03-13;S01;P030;C0065;3;2.98;0;0;6
T001531;2025-01-11;S06;P018;C0129;5;7.06;0;1;24.12
T001532;2025-10-03;S02;P026;C0229;2;6.76;0;0;8.42
T001533;2025-09-27;S05;P005;C0007;1;3.96;0;0;2.65
T001534;2025-03-08;S03;P015;C0193;4;5.2;0;0;13.67
T001535;2025-06-23;S04;P016;C0016;4;5.39;0;0;14.43
T001536;2025-12-01;S02;P009;C0148;4;7.14;0;0;17.57
T001537;2025-05-24;S05;P008;C0070;4;6.86;4.12;0;17.33
T001538;2025-02-05;S01;P010;C0135;2;1.43;0;0;1.69
T001539;2025-08-09;S01;P007;C0142;1;5.64;0.85;0;3.56
T001540;2025-12-09;S04;P005;C0070;3;4.05;0;0;7.91
T001541;2025-09-08;S05;P015;C0144;5;5.12;0;0;16.26
T001542;2025-10-02;S01;P012;C0182;1;2.69;0;0;1.51
T001543;2025-09-14;S02;P013;C0192;3;3.51;0;0;6.75
T001544;2025-08-16;S02;P010;C0006;5;1.36;0;0;4.15
T001545;2025-07-07;S01;P012;C0063;2;2.83;0;0;3.4
T001546;2025-08-04;S02;P020;C0137;1;2.23;0.22;0;1.34
T001547;2025-06-20;S03;P009;C0232;3;7.28;2.18;0;14.23
T001548;2025-01-06;S06;P008;C0094;5;6.55;0;0;21.45
T001549;2025-08-18;S06;P011;C0047;2;2.18;0;0;2.62
T001550;2025-03-08;S06;P010;C0100;3;1.36;0.41;0;2.72
T001551;2025-02-20;S01;P002;C0062;1;1.97;0.1;1;1.12
T001552;2025-02-25;S02;P027;C0170;2;6.72;0;0;7.88
T001553;2025-07-13;S02;P028;C0205;2;1.35;0;0;1.68
T001554;2025-05-26;S03;P013;C0170;2;3.54;1.06;0;4.41
T001555;2025-06-04;S01;P005;C0154;3;3.89;1.17;0;6.85
T001556;2025-07-14;S03;P019;C0074;3;1.35;0.61;0;2.57
T001557;2025-08-15;S04;P009;C0131;5;6.84;0;0;19.39
T001558;2025-02-21;S02;P018;C0181;5;6.65;0;0;18.81
T001559;2025-03-25;S04;P009;C0119;1;7.59;0.76;0;5.15
T001560;2025-11-03;S03;P019;C0190;2;1.29;0.26;0;1.55
T001561;2025-08-29;S05;P003;C0197;3;2.8;0.42;0;5.48
T001562;2025-05-22;S01;P012;C0232;3;2.65;0;0;5.51
T001563;2025-10-29;S06;P013;C0139;2;3.76;0;0;4.69
T001564;2025-10-12;S04;P025;C0215;2;5.96;1.79;0;7.57
T001565;2025-05-26;S02;P011;C0009;3;2.14;0;0;4
T001566;2025-01-02;S04;P022;C0035;4;3.7;0;0;8.17
T001567;2025-10-14;S04;P007;C0018;4;5.41;2.16;0;14.4
T001568;2025-04-22;S02;P025;C0016;4;5.68;0;0;14.21
T001569;2025-05-21;S03;P019;C0190;5;1.3;0;1;4.53
T001570;2025-09-09;S04;P023;C0162;1;3.97;0;0;2.36
T001571;2025-11-29;S01;P021;C0007;1;3.03;0;0;1.99
T001572;2025-02-14;S05;P027;C0056;5;6.79;5.09;0;18.76
T001573;2025-11-12;S05;P030;C0223;3;2.99;1.79;0;5.4
T001574;2025-11-17;S05;P024;C0037;4;5.16;1.03;1;13.84
T001575;2025-11-04;S02;P011;C0007;2;2.15;0;0;2.8
T001576;2025-10-15;S03;P018;C0106;2;6.84;0;0;7.64
T001577;2025-11-02;S04;P011;C0031;3;2.18;0.98;0;4.04
T001578;2025-07-05;S03;P030;C0055;5;2.55;0.64;0;7.88
T001579;2025-09-03;S03;P010;C0090;5;1.41;0;0;4.08
T001580;2025-02-02;S05;P030;C0015;2;2.86;0;0;3.24
T001581;2025-12-02;S05;P028;C0190;3;1.25;0;0;2.16
T001582;2025-04-04;S05;P007;C0163;5;5.42;0;0;18.28
T001583;2025-08-01;S03;P005;C0190;2;3.93;0;0;4.73
T001584;2025-05-17;S05;P004;C0088;3;3.35;0;0;6.27
T001585;2025-12-18;S06;P012;C0094;2;2.72;0;0;3.41
T001586;2025-05-03;S03;P030;C0080;3;2.56;0;0;4.44
T001587;2025-10-28;S05;P022;C0055;1;3.26;0;0;2.07
T001588;2025-07-25;S04;P008;C0200;4;6.02;0;0;13.6
T001589;2025-10-30;S05;P003;C0146;3;2.76;0.83;1;5.19
T001590;2025-03-16;S06;P008;C0238;1;6.02;0;0;3.54
T001591;2025-10-08;S02;P030;C0189;4;2.72;0;0;6.62
T001592;2025-10-13;S04;P026;C0127;2;6.59;0.66;0;9.24
T001593;2025-02-18;S03;P003;C0069;5;2.99;0;0;9.79
T001594;2025-07-18;S02;P018;C0002;5;7.55;0;0;22.13
T001595;2025-07-13;S04;P027;C0237;2;7.7;1.54;0;8.83
T001596;2025-04-30;S06;P007;C0165;4;5.78;0;0;14.25
T001597;2025-12-28;S02;P018;C0112;1;7.58;0.76;0;5
T001598;2025-04-17;S04;P020;C0228;2;1.91;0;0;2.44
T001599;2025-12-09;S01;P007;C0069;4;5.34;0;0;15.14
T001600;2025-04-26;S03;P028;C0164;5;1.4;0;0;4.25
T001601;2025-08-29;S05;P023;C0201;5;4.09;4.09;0;12.4
T001602;2025-03-13;S01;P008;C0103;3;6.39;2.88;0;11.53
T001603;2025-08-09;S06;P003;C0068;1;2.81;0;0;1.77
T001604;2025-06-16;S03;P021;C0129;3;3.04;0.91;0;5.38
T001605;2025-05-14;S03;P012;C0236;3;2.82;1.27;0;4.69
T001606;2025-10-10;S01;P007;C0168;3;6.02;3.61;0;12.71
T001607;2025-10-15;S01;P007;C0105;3;5.6;0;0;9.36
T001608;2025-07-16;S03;P024;C0231;3;5.23;0.78;0;10.45
T001609;2025-06-22;S01;P003;C0219;4;2.91;0;0;7.26
T001610;2025-09-10;S03;P024;C0214;4;4.81;3.85;0;11.52
T001611;2025-09-12;S04;P025;C0120;5;5.4;0;0;16.41
T001612;2025-08-17;S02;P004;C0084;4;3.53;0;0;8.3
T001613;2025-01-08;S05;P019;C0060;5;1.4;0;1;4.64
T001614;2025-11-02;S05;P030;C0224;2;2.7;0;0;3.58
T001615;2025-08-28;S03;P026;C0098;5;6.59;3.3;0;22.51
T001616;2025-03-24;S04;P013;C0094;1;3.58;0.72;0;2.4
T001617;2025-02-27;S06;P007;C0230;2;5.18;0;0;7.08
T001618;2025-12-30;S03;P030;C0148;4;3.03;0;0;6.83
T001619;2025-06-15;S01;P011;C0170;2;2.08;0;0;2.31
T001620;2025-01-04;S06;P003;C0137;4;3;1.8;0;7.92
T001621;2025-09-12;S06;P006;C0104;5;4.88;0;0;15.86
T001622;2025-03-21;S05;P021;C0129;1;2.85;0;0;1.91
T001623;2025-09-25;S05;P017;C0169;3;6.48;0;0;13.19
T001624;2025-07-24;S03;P010;C0043;1;1.25;0.19;0;0.73
T001625;2025-08-12;S05;P023;C0081;1;4.11;0;0;2.63
T001626;2025-06-11;S01;P016;C0009;1;5.44;0;0;3.75
T001627;2025-10-28;S05;P027;C0022;1;6.84;0;0;3.85
T001628;2025-03-30;S03;P003;C0201;1;2.74;0.14;0;1.51
T001629;2025-05-25;S03;P008;C0108;5;6.48;1.62;0;22.48
T001630;2025-07-01;S03;P019;C0027;4;1.25;0;0;3.01
T001631;2025-03-04;S06;P011;C0227;1;2.24;0;0;1.49
T001632;2025-05-17;S02;P020;C0196;3;1.95;0;0;3.9
T001633;2025-11-08;S04;P006;C0218;2;5.24;0.52;0;7.29
T001634;2025-06-05;S06;P023;C0082;3;4.44;0;0;8.73
T001635;2025-01-20;S01;P017;C0234;1;5.86;1.17;0;4.1
T001636;2025-09-04;S03;P010;C0114;1;1.27;0;0;0.81
T001637;2025-11-13;S03;P020;C0047;4;1.9;0;0;4.99
T001638;2025-06-22;S02;P009;C0086;5;7.45;0;0;25.21
T001639;2025-04-13;S05;P027;C0090;2;6.63;0;0;8.61
T001640;2025-03-08;S02;P014;C0104;1;4.18;0;0;2.38
T001641;2025-07-08;S01;P021;C0117;2;2.63;0;1;3.42
T001642;2025-06-20;S03;P015;C0008;2;4.76;0.48;0;6.74
T001643;2025-12-31;S03;P007;C0072;2;5.48;0;0;6.85
T001644;2025-01-08;S06;P001;C0084;5;1.39;0;0;4.03
T001645;2025-05-02;S06;P004;C0135;1;3.64;0.18;0;2.57
T001646;2025-06-30;S03;P014;C0112;2;3.92;1.18;0;4.8
T001647;2025-04-27;S02;P022;C0080;5;3.48;0;0;10.69
T001648;2025-05-25;S03;P018;C0235;3;6.66;0;0;12.07
T001649;2025-10-29;S06;P030;C0198;5;2.81;2.11;1;8.6
T001650;2025-07-22;S01;P018;C0154;2;7.47;0;0;8.61
T001651;2025-03-13;S05;P009;C0220;4;6.53;1.31;0;14.64
T001652;2025-12-26;S03;P028;C0190;4;1.39;0;0;3.39
T001653;2025-03-09;S05;P022;C0236;1;3.38;0;0;2.17
T001654;2025-09-03;S02;P020;C0172;4;2.13;0;1;5.9
T001655;2025-04-11;S01;P018;C0015;3;7.12;0;0;12.17
T001656;2025-06-25;S06;P009;C0151;2;7.33;0.73;0;8.16
T001657;2025-02-27;S04;P009;C0065;1;6.83;1.02;0;4.45
T001658;2025-10-04;S03;P004;C0067;4;3.52;0;0;9.18
T001659;2025-08-11;S06;P012;C0197;2;2.61;0;0;2.92
T001660;2025-06-22;S01;P006;C0061;1;5.29;0;0;3.41
T001661;2025-09-23;S03;P006;C0214;2;5.16;0;0;7.24
T001662;2025-03-20;S04;P024;C0110;2;4.51;0;0;5.29
T001663;2025-11-16;S04;P012;C0143;3;2.65;0;0;5.41
T001664;2025-06-13;S03;P008;C0030;3;5.92;0;1;11.66
T001665;2025-02-28;S04;P012;C0119;2;2.96;0;0;4.13
T001666;2025-07-11;S01;P022;C0189;2;3.7;0;0;4.62
T001667;2025-09-04;S06;P013;C0226;3;3.66;0;0;7.08
T001668;2025-09-22;S04;P028;C0219;2;1.35;0;0;1.69
T001669;2025-04-07;S03;P029;C0188;3;2.12;1.27;0;4.38
T001670;2025-10-21;S05;P021;C0034;4;2.91;1.75;0;6.68
T001671;2025-06-02;S01;P017;C0194;3;6.25;0;0;11.46
T001672;2025-12-13;S06;P026;C0033;1;6.43;0.96;0;4.25
T001673;2025-05-14;S03;P030;C0218;3;2.72;0;0;4.99
T001674;2025-01-20;S02;P002;C0237;4;1.98;1.19;0;5.12
T001675;2025-03-25;S04;P017;C0203;3;6.96;0;0;13.12
T001676;2025-11-04;S03;P017;C0118;4;6.45;0;0;16.66
T001677;2025-01-16;S01;P008;C0080;1;5.84;0;0;3.91
T001678;2025-09-11;S02;P007;C0235;1;5.74;0;0;3.24
T001679;2025-01-03;S01;P015;C0053;3;4.72;2.12;0;9.74
T001680;2025-03-16;S04;P003;C0009;4;2.89;0;0;6.43
T001681;2025-04-06;S01;P017;C0100;1;6.53;0.98;0;3.71
T001682;2025-10-23;S06;P025;C0018;3;5.28;3.17;0;11.18
T001683;2025-01-30;S05;P006;C0120;2;4.94;0.49;0;5.44
T001684;2025-03-25;S06;P025;C0106;1;5.48;0;0;3.79
T001685;2025-03-22;S05;P021;C0186;1;3.02;0;0;1.86
T001686;2025-05-26;S03;P029;C0238;4;2.24;1.79;0;6.25
T001687;2025-05-26;S03;P011;C0054;3;2.13;0.32;0;3.82
T001688;2025-11-24;S03;P012;C0071;5;3.04;0;0;10.32
T001689;2025-02-03;S02;P002;C0181;1;1.99;0;0;1.3
T001690;2025-05-15;S02;P022;C0198;3;3.66;0;1;6.94
T001691;2025-01-28;S06;P016;C0071;3;5.3;0;0;10.85
T001692;2025-10-06;S02;P006;C0102;4;4.77;0;0;12.1
T001693;2025-09-15;S06;P004;C0063;1;3.49;0.17;0;2.32
T001694;2025-03-07;S03;P013;C0009;4;3.77;0;0;8.58
T001695;2025-07-01;S02;P003;C0029;3;2.91;0;0;5.16
T001696;2025-06-23;S05;P026;C0001;5;6.05;0;0;19.05
T001697;2025-10-17;S01;P006;C0128;1;4.86;0;0;3.39
T001698;2025-02-01;S02;P011;C0175;5;1.96;0;0;5.69
T001699;2025-05-15;S06;P016;C0103;5;5.41;0;0;19.04
T001700;2025-04-09;S04;P001;C0152;1;1.29;0;0;0.73
T001701;2025-12-05;S02;P010;C0116;5;1.45;0.73;0;4.5
T001702;2025-01-10;S06;P009;C0123;5;7;1.75;0;19.99
T001703;2025-03-26;S06;P017;C0081;2;6.49;0;0;7.87
T001704;2025-12-31;S02;P008;C0004;2;5.87;0;0;7.66
T001705;2025-04-11;S03;P020;C0220;4;1.94;1.16;0;5.15
T001706;2025-10-17;S04;P026;C0172;1;5.99;0.3;0;4.04
T001707;2025-11-02;S06;P003;C0120;3;2.97;0;0;5.33
T001708;2025-03-03;S05;P010;C0163;5;1.24;0;0;3.64
T001709;2025-02-25;S05;P010;C0034;3;1.44;0;0;2.83
T001710;2025-03-14;S04;P024;C0079;3;5.05;1.52;0;8.48
T001711;2025-02-06;S06;P008;C0022;3;6.81;2.04;0;11.42
T001712;2025-09-29;S03;P004;C0098;5;3.78;0;0;11.95
T001713;2025-01-26;S06;P024;C0080;1;5.35;0.8;0;3.66
T001714;2025-04-30;S04;P019;C0102;3;1.38;0;0;2.66
T001715;2025-03-31;S01;P029;C0162;4;1.97;0.39;0;4.37
T001716;2025-09-08;S04;P006;C0098;1;5.32;0;0;3.37
T001717;2025-08-05;S06;P028;C0227;4;1.32;0.53;0;3.31
T001718;2025-08-05;S04;P023;C0069;2;4.24;0;0;5.39
T001719;2025-04-28;S06;P005;C0127;2;4.59;0;0;5.83
T001720;2025-01-24;S05;P013;C0033;1;3.44;0.52;0;2
T001721;2025-08-15;S06;P013;C0157;5;3.41;3.41;0;11.9
T001722;2025-02-26;S01;P018;C0131;5;6.72;0;0;23.78
T001723;2025-06-27;S02;P009;C0081;4;6.97;2.79;0;19.15
T001724;2025-02-15;S03;P018;C0024;3;6.55;0;0;13.41
T001725;2025-09-24;S06;P020;C0103;4;2.25;0;0;6.34
T001726;2025-08-05;S03;P019;C0030;5;1.32;0.33;0;3.97
T001727;2025-01-07;S06;P026;C0057;2;6.45;0;0;7.95
T001728;2025-05-04;S03;P020;C0171;1;2.01;0;1;1.14
T001729;2025-10-10;S02;P004;C0165;5;3.25;2.44;0;10.63
T001730;2025-10-06;S06;P025;C0045;5;6.15;0;1;21.29
T001731;2025-10-08;S06;P002;C0147;4;2.06;0;0;5.68
T001732;2025-10-23;S06;P008;C0158;5;6.72;0;0;21.66
T001733;2025-12-30;S01;P006;C0089;4;4.51;0;1;10.28
T001734;2025-08-15;S01;P022;C0118;3;3.65;0;0;7.26
T001735;2025-06-24;S03;P016;C0113;5;5.3;5.3;0;17.71
T001736;2025-01-03;S02;P011;C0107;3;2.01;0.9;0;3.81
T001737;2025-11-17;S05;P007;C0217;1;6.09;0;0;3.69
T001738;2025-04-15;S03;P013;C0101;5;3.45;0.86;0;10.04
T001739;2025-10-21;S03;P021;C0132;2;2.84;0;0;4
T001740;2025-05-20;S02;P024;C0012;1;5.21;0.26;0;3.35
T001741;2025-08-15;S01;P023;C0097;2;4.24;1.7;0;5.04
T001742;2025-07-08;S02;P029;C0212;3;2.05;0.92;0;3.59
T001743;2025-09-27;S01;P001;C0040;1;1.44;0;0;0.97
T001744;2025-04-11;S05;P022;C0158;5;3.28;0;0;11.3
T001745;2025-04-06;S01;P010;C0229;2;1.44;0;0;1.66
T001746;2025-09-16;S06;P017;C0185;1;6.92;0.35;0;4.64
T001747;2025-08-14;S02;P023;C0145;5;4.1;0;0;11.92
T001748;2025-08-25;S04;P018;C0136;2;6.73;0;0;8.6
T001749;2025-01-30;S05;P023;C0003;5;4.51;1.13;0;13.44
T001750;2025-05-16;S04;P024;C0191;5;5.2;0;0;16.36
T001751;2025-09-21;S05;P018;C0027;4;6.77;0;0;16.96
T001752;2025-06-26;S02;P026;C0114;4;6.55;0;0;18.02
T001753;2025-01-01;S02;P016;C0066;1;5.47;0;0;3.06
T001754;2025-08-22;S04;P013;C0014;5;3.82;0;0;11.21
T001755;2025-03-01;S06;P028;C0065;2;1.41;0.28;0;1.68
T001756;2025-04-23;S01;P007;C0110;5;6.18;0;0;18.71
T001757;2025-06-07;S01;P014;C0114;5;4.07;0;0;12.26
T001758;2025-08-03;S03;P027;C0054;1;7.48;0;0;5.19
T001759;2025-08-21;S03;P017;C0015;5;6.03;0;0;20.51
T001760;2025-07-29;S06;P020;C0020;3;2.06;0;0;4.29
T001761;2025-03-23;S02;P008;C0051;4;6.8;2.72;0;16.35
T001762;2025-10-16;S06;P017;C0193;5;6.46;0;0;20.42
T001763;2025-04-11;S02;P013;C0159;5;3.45;0;0;9.82
T001764;2025-03-01;S05;P013;C0138;3;3.25;0;0;6.91
T001765;2025-03-02;S01;P018;C0010;1;7.14;1.43;0;4.07
T001766;2025-04-30;S01;P007;C0095;5;5.56;4.17;0;16.45
T001767;2025-06-12;S06;P004;C0068;1;3.66;0.18;0;2.59
T001768;2025-07-04;S05;P014;C0078;2;4.34;0;0;5.45
T001769;2025-04-05;S01;P025;C0079;1;5.93;0;0;3.47
T001770;2025-06-29;S05;P013;C0029;3;3.74;0;0;6.96
T001771;2025-09-03;S05;P018;C0043;5;7.11;5.33;0;22.8
T001772;2025-12-19;S03;P022;C0062;1;3.49;0;0;2.04
T001773;2025-01-21;S05;P005;C0136;3;4.37;0;0;8.95
T001774;2025-12-18;S06;P030;C0033;5;2.91;0;0;9.85
T001775;2025-10-23;S02;P022;C0188;2;3.82;0;0;5.33
T001776;2025-10-26;S03;P015;C0036;1;5.12;0;0;3.06
T001777;2025-11-05;S02;P007;C0205;3;5.68;0.85;0;11.56
T001778;2025-06-01;S05;P019;C0215;4;1.34;0.54;0;3.28
T001779;2025-01-01;S03;P018;C0139;1;7.15;0;0;4.21
T001780;2025-01-19;S05;P020;C0223;5;2.2;0;1;6.57
T001781;2025-04-11;S02;P028;C0209;1;1.46;0;0;0.93
T001782;2025-11-19;S03;P028;C0171;1;1.29;0;0;0.86
T001783;2025-03-07;S02;P015;C0049;5;4.77;1.19;0;14.36
T001784;2025-01-11;S03;P021;C0099;1;2.96;0.59;0;1.66
T001785;2025-11-03;S02;P006;C0168;3;5.16;0;0;10.7
T001786;2025-06-18;S02;P016;C0189;3;5.65;2.54;0;10.32
T001787;2025-03-19;S06;P004;C0198;2;3.38;0;0;3.94
T001788;2025-12-03;S05;P015;C0189;4;4.75;3.8;1;10.77
T001789;2025-06-14;S04;P017;C0205;2;6.02;1.2;0;7.8
T001790;2025-06-25;S02;P025;C0013;2;5.73;0.57;0;6.54
T001791;2025-03-31;S04;P004;C0078;1;3.51;0;0;2.48
T001792;2025-02-09;S06;P020;C0058;5;2.03;0;0;5.72
T001793;2025-09-19;S02;P009;C0179;2;7.59;0;0;10.36
T001794;2025-12-10;S03;P017;C0163;5;5.93;1.48;0;20.52
T001795;2025-12-10;S06;P027;C0140;3;7.66;0;0;15.19
T001796;2025-06-06;S02;P005;C0117;4;4.17;0;0;10.36
T001797;2025-01-29;S04;P020;C0077;4;2.1;0;0;5.66
T001798;2025-08-02;S05;P019;C0227;2;1.38;0.28;0;1.68
T001799;2025-07-03;S04;P009;C0023;4;6.55;0;0;14.96
T001800;2025-09-15;S01;P023;C0227;3;4.54;0;0;9.64
T001801;2025-12-07;S03;P030;C0098;2;2.88;0;0;3.29
T001802;2025-08-15;S03;P026;C0127;5;6.27;0;0;17.3
T001803;2025-12-19;S01;P012;C0041;4;2.95;0;0;7.06
T001804;2025-08-18;S04;P019;C0111;2;1.32;0;0;1.81
T001805;2025-05-20;S04;P028;C0002;2;1.26;0.25;0;1.49
T001806;2025-07-06;S04;P025;C0056;2;5.84;1.17;0;7.49
T001807;2025-04-25;S04;P028;C0189;5;1.24;0;0;4.33
T001808;2025-11-29;S01;P017;C0106;3;6.2;0;0;10.79
T001809;2025-01-21;S02;P027;C0032;3;6.63;0;0;11.86
T001810;2025-11-24;S04;P011;C0046;4;1.97;0.39;0;5.43
T001811;2025-04-25;S06;P028;C0171;3;1.34;0;0;2.56
T001812;2025-02-18;S02;P030;C0068;1;3.01;0;0;1.75
T001813;2025-11-09;S04;P002;C0211;2;2.19;0;0;2.74
T001814;2025-09-19;S03;P003;C0177;3;2.56;0;0;4.35
T001815;2025-04-26;S05;P001;C0175;5;1.46;0.36;0;4.48
T001816;2025-10-10;S03;P023;C0225;5;4.08;0;0;11.25
T001817;2025-07-16;S06;P016;C0123;4;5.42;0;0;12.61
T001818;2025-09-26;S06;P023;C0002;3;4.29;0;0;8.88
T001819;2025-11-16;S01;P012;C0163;4;2.78;0;0;7.56
T001820;2025-03-11;S06;P030;C0223;3;2.86;0.43;0;5.4
T001821;2025-12-29;S04;P029;C0006;5;2.07;0;0;6.23
T001822;2025-02-10;S03;P010;C0004;2;1.42;0.57;0;1.66
T001823;2025-07-27;S02;P003;C0215;5;2.67;0.67;0;7.35
T001824;2025-03-31;S03;P017;C0169;5;6.53;0;0;18.03
T001825;2025-09-11;S05;P010;C0060;3;1.35;0.81;1;2.25
T001826;2025-10-19;S03;P008;C0107;1;6.49;0;0;4.39
T001827;2025-01-21;S05;P030;C0057;3;2.77;1.66;0;5.88
T001828;2025-08-20;S03;P017;C0041;3;6.08;0;0;11.27
T001829;2025-06-17;S06;P008;C0091;4;6.82;0;0;16.45
T001830;2025-03-02;S03;P010;C0137;3;1.27;0.76;0;2.56
T001831;2025-03-09;S06;P003;C0110;2;2.61;0;0;3.53
T001832;2025-05-21;S06;P028;C0046;5;1.31;0.66;0;3.97
T001833;2025-01-12;S04;P001;C0231;3;1.24;0;0;2.11
T001834;2025-07-17;S06;P012;C0162;3;2.76;0;0;5.59
T001835;2025-03-30;S06;P025;C0218;3;5.32;0;0;9.18
T001836;2025-11-06;S02;P002;C0017;2;1.96;0.59;0;2.57
T001837;2025-07-11;S02;P006;C0084;4;4.93;0;0;13.36
T001838;2025-10-18;S06;P020;C0124;4;2.06;0;0;5.63
T001839;2025-11-13;S06;P009;C0112;2;6.96;0;0;9.72
T001840;2025-02-09;S01;P025;C0073;4;5.18;0;0;12.98
T001841;2025-05-28;S02;P027;C0039;5;7.42;0;0;25.11
T001842;2025-06-13;S06;P021;C0115;4;2.9;1.74;0;7.67
T001843;2025-03-10;S01;P002;C0136;2;2.14;0.86;0;2.57
T001844;2025-03-27;S05;P019;C0163;1;1.39;0;0;0.92
T001845;2025-06-08;S04;P012;C0021;3;2.79;0;0;4.69
T001846;2025-10-03;S04;P012;C0235;3;2.67;0.4;0;5.65
T001847;2025-01-22;S03;P018;C0121;4;7.41;0;0;18.16
T001848;2025-10-09;S02;P030;C0112;5;2.61;1.96;0;9.21
T001849;2025-04-03;S03;P010;C0157;4;1.35;0;0;3.8
T001850;2025-05-18;S02;P024;C0180;4;4.71;0;0;11.58
T001851;2025-08-12;S04;P010;C0208;4;1.29;0.52;0;3.59
T001852;2025-12-12;S03;P025;C0143;1;5.44;0.82;0;3.69
T001853;2025-08-19;S06;P006;C0197;2;4.93;0;0;6.58
T001854;2025-04-01;S06;P010;C0167;4;1.37;0;0;3.05
T001855;2025-06-06;S01;P014;C0208;1;4.21;0;0;2.4
T001856;2025-10-30;S02;P010;C0114;2;1.26;0;0;1.48
T001857;2025-05-05;S03;P016;C0137;1;6.18;0;0;4.02
T001858;2025-10-11;S02;P004;C0218;2;3.49;0;0;4.88
T001859;2025-05-19;S02;P028;C0146;2;1.46;0;0;1.89
T001860;2025-05-17;S04;P014;C0024;1;4.06;0;0;2.75
T001861;2025-02-16;S04;P021;C0122;4;2.94;0;0;8.13
T001862;2025-08-23;S05;P024;C0157;1;5.1;0;0;3.22
T001863;2025-12-06;S04;P028;C0231;5;1.44;0;0;4.06
T001864;2025-08-26;S06;P012;C0168;4;2.83;1.7;0;7.64
T001865;2025-07-11;S04;P012;C0183;1;2.63;0.53;0;1.72
T001866;2025-03-17;S01;P022;C0117;2;3.4;0;0;3.87
T001867;2025-09-01;S04;P003;C0028;4;2.63;0;0;6.13
T001868;2025-07-19;S04;P022;C0203;2;3.79;0;0;4.48
T001869;2025-09-14;S01;P028;C0033;4;1.24;0.5;0;3.4
T001870;2025-11-15;S02;P018;C0046;1;7.01;0;0;4.4
T001871;2025-08-25;S03;P028;C0194;2;1.25;0;0;1.69
T001872;2025-04-14;S01;P003;C0060;1;2.56;0;0;1.61
T001873;2025-06-02;S04;P024;C0220;2;4.84;0;0;6.5
T001874;2025-07-04;S04;P007;C0137;1;5.92;0.3;0;3.82
T001875;2025-05-31;S04;P007;C0039;2;5.68;0;0;7.81
T001876;2025-11-27;S01;P010;C0088;2;1.43;0;0;1.77
T001877;2025-06-04;S06;P025;C0072;3;5.36;0;0;10.25
T001878;2025-08-27;S01;P023;C0200;5;4.21;2.1;0;13.17
T001879;2025-01-05;S02;P011;C0117;2;2.15;0;0;2.99
T001880;2025-05-08;S03;P017;C0229;1;6.51;0.98;0;4.5
T001881;2025-05-30;S01;P002;C0073;3;1.89;0.85;0;3.78
T001882;2025-10-05;S03;P023;C0036;3;4.5;0;0;8.22
T001883;2025-04-09;S02;P013;C0055;3;3.42;0;0;6.75
T001884;2025-01-21;S06;P030;C0215;5;2.71;2.03;0;8.52
T001885;2025-07-17;S05;P030;C0078;4;2.87;0;0;6.84
T001886;2025-07-04;S03;P001;C0092;2;1.25;0;0;1.62
T001887;2025-01-14;S01;P010;C0143;5;1.43;0;0;4.05
T001888;2025-01-20;S02;P016;C0066;4;5.18;0;1;12.33
T001889;2025-11-30;S06;P007;C0203;4;5.73;0;0;15.53
T001890;2025-12-03;S05;P008;C0033;2;6.01;2.4;0;7.01
T001891;2025-05-07;S06;P030;C0068;5;2.86;2.86;0;9.15
T001892;2025-05-27;S03;P026;C0001;2;6.37;0.64;0;8.41
T001893;2025-05-08;S06;P008;C0035;2;6.77;1.35;0;8.29
T001894;2025-02-17;S02;P007;C0025;3;5.71;0;0;9.49
T001895;2025-03-12;S01;P012;C0218;5;2.89;0;0;9.26
T001896;2025-03-02;S06;P006;C0005;2;4.65;0;0;5.7
T001897;2025-12-21;S02;P006;C0191;3;4.62;0;0;9.34
T001898;2025-08-22;S06;P015;C0002;3;5.02;0;1;10.69
T001899;2025-07-21;S06;P007;C0028;1;5.21;0.78;0;3.14
T001900;2025-09-19;S02;P001;C0172;3;1.24;0;0;2.25
T001901;2025-12-12;S05;P009;C0140;1;7.64;0.38;0;4.66
T001902;2025-04-07;S02;P007;C0018;4;6.03;4.82;0;14.65
T001903;2025-09-21;S02;P013;C0045;5;3.2;0.8;0;11.19
T001904;2025-09-16;S03;P011;C0144;2;1.95;0;0;2.25
T001905;2025-04-07;S05;P029;C0065;5;2.15;0;0;6.61
T001906;2025-07-06;S03;P015;C0197;4;4.86;0;0;12.8
T001907;2025-10-18;S06;P001;C0216;3;1.38;0;0;2.68
T001908;2025-06-13;S05;P021;C0037;1;2.64;0.26;0;1.63
T001909;2025-04-22;S03;P017;C0189;5;6.86;0;0;21.6
T001910;2025-10-19;S03;P013;C0204;1;3.62;0;0;2.27
T001911;2025-03-19;S04;P017;C0161;3;6.73;0;1;14.2
T001912;2025-09-10;S06;P011;C0064;1;2.12;0.32;0;1.38
T001913;2025-03-13;S03;P028;C0122;2;1.39;0;0;1.63
T001914;2025-04-25;S02;P012;C0067;2;2.66;0;0;3.46
T001915;2025-08-03;S01;P018;C0175;1;7.59;1.14;0;4.87
T001916;2025-07-19;S02;P004;C0182;3;3.8;0;0;6.74
T001917;2025-10-30;S06;P019;C0216;1;1.41;0.14;0;0.99
T001918;2025-11-25;S06;P010;C0216;4;1.45;0;0;3.91
T001919;2025-08-07;S02;P020;C0212;3;2.21;0;0;4.03
T001920;2025-03-21;S03;P020;C0204;4;1.95;1.17;0;4.93
T001921;2025-04-06;S04;P029;C0160;5;2.11;0;0;6.25
T001922;2025-10-30;S03;P004;C0151;5;3.53;0;0;11.38
T001923;2025-10-25;S05;P010;C0067;4;1.24;0.99;1;2.74
T001924;2025-05-19;S04;P001;C0233;5;1.3;0;0;4.2
T001925;2025-09-18;S06;P025;C0213;2;6.1;0;0;7
T001926;2025-11-11;S01;P006;C0086;3;4.98;2.99;0;8.93
T001927;2025-08-09;S03;P019;C0001;4;1.32;0;0;3.72
T001928;2025-10-03;S04;P024;C0066;5;4.85;2.43;0;15.5
T001929;2025-05-20;S02;P018;C0122;4;7.26;0;0;19.98
T001930;2025-01-05;S03;P016;C0015;2;5.89;0;0;7.35
T001931;2025-07-21;S02;P007;C0106;4;5.25;4.2;0;11.76
T001932;2025-12-30;S05;P016;C0170;2;5.96;0;0;7.54
T001933;2025-12-05;S04;P027;C0230;2;6.86;0;0;7.8
T001934;2025-07-08;S01;P009;C0171;1;7.29;1.46;0;4.59
T001935;2025-03-02;S01;P007;C0150;3;6.04;0;0;11.61
T001936;2025-05-16;S05;P018;C0226;4;6.6;3.96;0;15.97
T001937;2025-07-08;S03;P020;C0197;1;2.08;0.31;0;1.28
T001938;2025-04-07;S01;P008;C0042;1;6.41;0;0;4.44
T001939;2025-05-16;S04;P006;C0198;2;4.61;1.84;0;5.9
T001940;2025-06-25;S02;P029;C0238;4;2;0;0;5.33
T001941;2025-04-17;S03;P008;C0172;3;6.3;0;0;12.81
T001942;2025-02-17;S05;P006;C0205;2;5.26;0;0;5.96
T001943;2025-06-26;S02;P018;C0136;1;6.82;0;0;4.69
T001944;2025-08-13;S03;P022;C0133;3;3.3;0.99;0;6.36
T001945;2025-10-18;S04;P007;C0139;2;5.47;2.19;0;7.34
T001946;2025-11-14;S05;P004;C0153;3;3.8;0;0;7.67
T001947;2025-03-05;S03;P011;C0099;4;2.02;0;0;5.02
T001948;2025-08-14;S06;P008;C0138;1;6.63;0;0;4.01
T001949;2025-01-21;S02;P002;C0066;5;2.13;0;0;6.97
T001950;2025-08-09;S06;P027;C0225;5;7.5;0;0;23.76
T001951;2025-04-03;S03;P003;C0089;3;2.86;0.86;0;5.37
T001952;2025-02-11;S03;P015;C0083;3;5.1;0;0;9.23
T001953;2025-03-21;S02;P027;C0105;2;6.99;2.8;0;9.91
T001954;2025-04-26;S02;P030;C0152;3;3.01;0;0;6.16
T001955;2025-09-21;S03;P024;C0116;3;4.9;0;0;8.39
T001956;2025-06-23;S02;P003;C0010;4;2.93;0;0;7.65
T001957;2025-03-12;S01;P008;C0240;1;6.65;0;0;4.59
T001958;2025-04-19;S06;P012;C0206;5;2.67;0;0;7.51
T001959;2025-07-23;S04;P010;C0025;1;1.32;0;0;0.78
T001960;2025-10-21;S01;P027;C0216;3;7.11;0;1;14.17
T001961;2025-04-01;S02;P018;C0106;3;6.67;0;0;11.38
T001962;2025-09-15;S03;P027;C0162;5;6.83;6.83;0;23.88
T001963;2025-12-26;S06;P026;C0001;2;6.64;0;0;8.08
T001964;2025-12-16;S03;P027;C0088;2;6.95;2.78;0;9.69
T001965;2025-11-10;S03;P015;C0150;3;4.95;0;0;10.09
T001966;2025-06-26;S05;P020;C0100;5;2.13;0;1;6.23
T001967;2025-11-20;S03;P020;C0105;5;2.21;0.55;0;7.21
T001968;2025-06-08;S06;P025;C0215;3;5.34;2.4;0;10.11
T001969;2025-03-01;S06;P018;C0002;4;6.96;4.18;0;16.52
T001970;2025-10-15;S02;P013;C0033;1;3.74;0;0;2.31
T001971;2025-01-04;S04;P030;C0033;3;2.87;0;0;5.76
T001972;2025-12-13;S06;P010;C0013;2;1.46;0;0;1.91
T001973;2025-12-15;S05;P007;C0025;5;5.75;0;0;16.2
T001974;2025-05-20;S03;P025;C0183;5;5.37;0;0;18.04
T001975;2025-02-19;S03;P014;C0187;2;4.41;0;0;6.2
T001976;2025-08-03;S02;P026;C0048;4;6.62;0;0;16.83
T001977;2025-10-01;S01;P008;C0061;1;6.44;0;0;3.76
T001978;2025-09-05;S01;P014;C0076;2;3.97;0;0;5.59
T001979;2025-10-24;S02;P016;C0135;5;5.51;0;0;16.32
T001980;2025-07-22;S01;P014;C0220;5;4.16;0;0;12.19
T001981;2025-02-25;S05;P006;C0022;1;4.91;0;0;2.94
T001982;2025-12-17;S02;P029;C0212;3;2.24;0;0;4.42
T001983;2025-03-15;S06;P008;C0062;2;5.98;0;0;7.38
T001984;2025-12-08;S06;P021;C0161;3;2.83;0;0;5.55
T001985;2025-11-05;S04;P006;C0038;4;4.74;0.95;0;11.17
T001986;2025-10-01;S02;P022;C0237;1;3.63;0;0;2.07
T001987;2025-07-31;S01;P019;C0153;1;1.46;0;0;0.83
T001988;2025-05-29;S05;P021;C0165;1;3.03;0;1;1.84
T001989;2025-09-12;S05;P014;C0087;5;4.5;0;1;13.39
T001990;2025-12-18;S03;P001;C0150;1;1.3;0;1;0.8
T001991;2025-07-29;S01;P007;C0040;3;5.43;0;0;9.15
T001992;2025-05-18;S05;P006;C0032;2;5.12;0;0;6.61
T001993;2025-05-27;S04;P013;C0181;1;3.26;0.33;0;1.8
T001994;2025-10-27;S04;P028;C0171;4;1.37;0;0;3.74
T001995;2025-09-19;S04;P015;C0094;3;4.95;0;0;9.93
T001996;2025-11-21;S01;P001;C0009;3;1.42;0;0;2.74
T001997;2025-02-11;S01;P004;C0195;2;3.41;1.36;0;4.48
T001998;2025-01-02;S03;P001;C0106;3;1.41;0.42;0;2.87
T001999;2025-08-06;S04;P012;C0129;3;2.99;0;0;5.5
T002000;2025-11-03;S02;P030;C0006;4;2.6;1.04;0;6.96
T002001;2025-08-18;S02;P019;C0114;2;1.42;0;0;1.61
T002002;2025-07-29;S05;P012;C0072;4;2.93;0;0;7.79
T002003;2025-03-18;S06;P025;C0230;3;5.66;0;0;10.29
T002004;2025-10-29;S04;P021;C0226;5;2.6;0;0;8.48
T002005;2025-05-26;S05;P027;C0238;2;6.95;0;0;7.81
T002006;2025-06-19;S04;P015;C0020;4;4.87;0;0;10.87
T002007;2025-10-28;S06;P011;C0214;1;2.14;0.32;0;1.21
T002008;2025-08-24;S02;P022;C0190;4;3.44;0;0;7.65
T002009;2025-04-28;S04;P007;C0043;1;5.22;0;0;3.23
T002010;2025-01-28;S01;P010;C0048;5;1.29;0;0;3.55
T002011;2025-11-17;S02;P003;C0031;1;2.94;0.15;0;1.7
T002012;2025-05-23;S01;P015;C0236;4;4.9;0;0;12.17
T002013;2025-05-01;S04;P014;C0002;5;4.15;1.04;0;12.34
T002014;2025-09-12;S05;P008;C0206;5;6.69;0;0;20.92
T002015;2025-08-16;S05;P004;C0072;4;3.44;0;0;8.22
T002016;2025-11-27;S04;P022;C0213;2;3.19;0.96;0;4.33
T002017;2025-09-25;S06;P023;C0110;2;3.98;0;0;5.37
T002018;2025-10-22;S01;P018;C0018;2;7.46;2.98;0;10.45
T002019;2025-01-28;S04;P025;C0072;5;5.88;0;0;18.35
T002020;2025-06-18;S02;P030;C0054;2;2.86;0.86;0;3.15
T002021;2025-06-27;S03;P029;C0238;3;2.12;0;0;4.12
T002022;2025-06-17;S04;P004;C0076;1;3.6;0;0;2.12
T002023;2025-05-25;S05;P004;C0020;3;3.4;1.53;0;6.16
T002024;2025-02-17;S01;P027;C0062;2;6.98;0;0;7.77
T002025;2025-05-19;S05;P012;C0031;5;2.86;0;0;9.26
T002026;2025-08-31;S06;P029;C0088;2;2.05;0.41;0;2.35
T002027;2025-11-13;S03;P008;C0130;5;6.71;5.03;0;19.97
T002028;2025-05-28;S02;P010;C0177;5;1.31;0;0;3.85
T002029;2025-06-19;S06;P001;C0089;3;1.42;0.43;0;2.35
T002030;2025-04-08;S03;P005;C0140;1;4.58;0;0;2.95
T002031;2025-09-11;S05;P001;C0093;5;1.36;0.68;0;4.37
T002032;2025-03-13;S03;P002;C0224;1;2.03;0;0;1.13
T002033;2025-02-06;S04;P010;C0214;5;1.24;0.62;0;3.52
T002034;2025-10-08;S03;P001;C0098;3;1.33;0;0;2.27
T002035;2025-11-04;S04;P024;C0074;3;5;0;0;9.82
T002036;2025-03-21;S05;P023;C0037;2;4.04;0;0;4.58
T002037;2025-04-14;S04;P013;C0145;5;3.54;3.54;0;11.01
T002038;2025-06-26;S03;P008;C0202;5;6.74;0;0;23.9
T002039;2025-01-15;S06;P003;C0098;3;2.8;0.42;0;5.14
T002040;2025-08-19;S03;P024;C0194;4;5.18;0;0;13.64
T002041;2025-10-12;S06;P008;C0115;2;6.54;1.96;0;7.68
T002042;2025-06-16;S06;P007;C0111;2;6;0;0;8.48
T002043;2025-01-04;S03;P026;C0159;3;6.79;1.02;0;12.06
T002044;2025-03-28;S04;P020;C0120;4;2.01;0;0;5.62
T002045;2025-11-28;S05;P002;C0209;4;1.92;0.77;1;5.29
T002046;2025-05-26;S01;P019;C0213;4;1.34;0;1;3.12
T002047;2025-05-17;S01;P019;C0007;2;1.44;0;0;1.75
T002048;2025-01-18;S06;P016;C0147;4;5.21;2.08;0;14.44
T002049;2025-03-14;S02;P015;C0077;1;4.54;0;0;2.9
T002050;2025-08-26;S05;P004;C0109;1;3.48;0.17;0;2.26
T002051;2025-06-03;S03;P011;C0019;4;2.06;0.82;1;5.11
T002052;2025-04-22;S01;P026;C0020;2;6.3;2.52;0;7.61
T002053;2025-06-02;S01;P028;C0052;1;1.34;0;0;0.77
T002054;2025-08-30;S05;P003;C0075;5;2.62;0;0;7.21
T002055;2025-11-20;S02;P026;C0158;5;5.84;0;0;16.58
T002056;2025-07-29;S02;P008;C0025;4;5.93;0;0;13.16
T002057;2025-12-27;S01;P016;C0086;5;5.89;5.89;0;17.59
T002058;2025-07-02;S02;P030;C0121;2;2.74;0;0;3.48
T002059;2025-09-22;S02;P026;C0144;1;6.8;0;0;4.2
T002060;2025-10-01;S03;P022;C0176;1;3.31;0;0;1.88
T002061;2025-09-04;S02;P019;C0172;5;1.27;0.32;0;3.64
T002062;2025-10-12;S06;P024;C0079;2;5.33;0;0;6.63
T002063;2025-10-01;S03;P024;C0154;1;5.08;0.76;0;3.54
T002064;2025-01-25;S04;P023;C0174;5;4.01;0;0;12.67
T002065;2025-05-28;S05;P006;C0084;1;4.64;0.23;0;2.74
T002066;2025-01-07;S05;P003;C0221;5;2.54;0.64;0;7.64
T002067;2025-09-02;S02;P002;C0154;4;2.13;0.85;0;4.97
T002068;2025-06-25;S03;P021;C0200;1;3.02;0;0;1.97
T002069;2025-09-12;S05;P012;C0009;5;2.69;0;0;7.53
T002070;2025-03-06;S05;P015;C0198;5;5.31;0;0;15.99
T002071;2025-11-09;S05;P012;C0131;4;2.55;0;0;6.77
T002072;2025-08-08;S06;P015;C0053;2;5.38;1.08;0;6.35
T002073;2025-03-23;S03;P021;C0165;4;2.57;0.51;1;7.06
T002074;2025-08-21;S01;P014;C0114;5;3.92;0;0;11.04
T002075;2025-12-24;S03;P002;C0055;4;1.89;1.13;0;4.59
T002076;2025-04-11;S01;P010;C0189;5;1.31;0;0;4.47
T002077;2025-12-17;S06;P017;C0147;5;6.79;3.4;0;18.92
T002078;2025-07-08;S04;P029;C0026;2;1.93;0;0;2.71
T002079;2025-08-14;S03;P015;C0082;1;5.04;0.5;0;3.18
T002080;2025-06-21;S06;P009;C0082;5;7.48;0;0;22.92
T002081;2025-02-06;S01;P022;C0184;5;3.67;0.92;1;10.84
T002082;2025-01-29;S03;P005;C0078;4;4.48;0;0;9.96
T002083;2025-11-24;S02;P018;C0217;3;7.74;0;0;16.28
T002084;2025-08-18;S02;P029;C0062;4;1.94;0;0;5.09
T002085;2025-06-05;S03;P018;C0046;5;7.49;5.62;0;22.64
T002086;2025-05-26;S01;P018;C0020;2;6.67;0.67;0;7.34
T002087;2025-11-16;S05;P015;C0146;4;4.67;0;0;11.72
T002088;2025-12-26;S02;P027;C0039;1;7.29;0.36;0;4.42
T002089;2025-12-01;S04;P018;C0014;2;6.68;0;0;8.23
T002090;2025-01-02;S05;P017;C0125;3;5.86;1.76;0;10.5
T002091;2025-12-27;S05;P016;C0045;1;5.99;0;0;3.76
T002092;2025-10-20;S01;P004;C0035;2;3.43;0;0;4.53
T002093;2025-09-03;S05;P023;C0013;1;4.12;0;0;2.87
T002094;2025-11-23;S01;P013;C0110;3;3.54;1.06;0;6.27
T002095;2025-12-24;S01;P003;C0207;4;2.63;0;0;6.36
T002096;2025-02-16;S06;P013;C0056;2;3.34;1.34;0;4.08
T002097;2025-07-05;S03;P016;C0211;1;5.18;0;0;2.96
T002098;2025-04-25;S03;P006;C0227;4;4.65;0;0;11.19
T002099;2025-05-02;S04;P024;C0179;4;5.39;0;0;12.18
T002100;2025-07-17;S06;P001;C0015;1;1.46;0.07;0;0.93
T002101;2025-08-07;S02;P012;C0206;5;2.7;1.35;0;8.91
T002102;2025-11-30;S01;P021;C0179;5;2.93;0;0;9.62
T002103;2025-07-24;S05;P002;C0048;4;2.03;0;0;4.63
T002104;2025-06-20;S02;P009;C0138;3;7.52;4.51;0;12.7
T002105;2025-02-02;S03;P029;C0103;3;2.23;0.33;0;4.49
T002106;2025-08-07;S03;P027;C0134;3;6.85;2.06;0;13.42
T002107;2025-11-26;S01;P010;C0014;5;1.4;0;0;4.3
T002108;2025-07-20;S05;P017;C0029;1;6.68;0.67;0;4.53
T002109;2025-09-21;S05;P021;C0011;1;2.88;0;0;2.02
T002110;2025-09-07;S01;P023;C0208;2;4.3;1.72;0;5.84
T002111;2025-02-26;S01;P006;C0189;5;4.6;1.15;0;13.75
T002112;2025-02-22;S04;P018;C0194;4;7.37;0;0;20.5
T002113;2025-02-01;S04;P028;C0029;1;1.39;0;0;0.98
T002114;2025-01-19;S01;P005;C0048;2;4.23;0;0;5.5
T002115;2025-10-10;S04;P004;C0073;2;3.83;0;0;4.43
T002116;2025-10-25;S06;P009;C0097;3;6.57;1.97;0;12.87
T002117;2025-05-26;S02;P020;C0015;4;2.08;0;0;5.18
T002118;2025-07-18;S06;P014;C0023;4;3.96;0;0;10.17
T002119;2025-09-13;S04;P020;C0145;3;2.15;0;0;4.21
T002120;2025-01-15;S04;P020;C0128;4;1.94;0;0;4.29
T002121;2025-08-27;S04;P024;C0169;5;4.66;2.33;0;13.9
T002122;2025-01-25;S05;P008;C0130;3;6.37;0;0;11.52
T002123;2025-04-17;S02;P027;C0026;3;7.38;0;0;13.67
T002124;2025-04-25;S03;P024;C0152;3;4.62;0.69;0;9.37
T002125;2025-09-02;S05;P029;C0076;2;2.18;0;0;2.74
T002126;2025-10-22;S06;P018;C0143;4;6.8;5.44;0;17.16
T002127;2025-03-24;S01;P004;C0156;1;3.24;0;0;2.19
T002128;2025-06-23;S05;P015;C0041;2;4.98;0;0;6.25
T002129;2025-04-06;S06;P027;C0066;2;7.07;0;0;8.55
T002130;2025-01-03;S06;P017;C0221;5;6.89;0;0;21.67
T002131;2025-10-25;S03;P025;C0050;3;5.31;0.8;0;10.87
T002132;2025-01-12;S05;P022;C0181;4;3.35;0;1;8.96
T002133;2025-05-11;S06;P013;C0061;5;3.39;0;0;10.23
T002134;2025-07-25;S01;P009;C0111;1;6.86;0.34;0;4.08
T002135;2025-12-20;S02;P012;C0186;2;2.94;0;0;4.12
T002136;2025-11-23;S04;P012;C0044;2;2.86;0;0;3.36
T002137;2025-11-07;S05;P012;C0060;2;2.67;0.53;1;3.22
T002138;2025-07-04;S01;P018;C0119;4;7.4;0;0;16.33
T002139;2025-07-13;S02;P023;C0110;1;3.89;0.58;0;2.39
T002140;2025-04-18;S04;P006;C0175;2;4.57;0.91;0;5.94
T002141;2025-09-30;S05;P006;C0094;3;4.55;2.73;0;8.51
T002142;2025-04-14;S06;P021;C0062;2;2.82;0.56;0;3.94
T002143;2025-05-17;S01;P010;C0044;1;1.44;0;0;0.92
T002144;2025-11-20;S04;P027;C0118;1;7.65;0;0;5.11
T002145;2025-02-07;S05;P009;C0097;4;7.67;0;0;17.8
T002146;2025-05-29;S01;P002;C0019;4;2.09;0;0;4.97
T002147;2025-10-21;S02;P019;C0215;2;1.41;0;0;1.65
T002148;2025-01-31;S05;P029;C0007;4;2.17;0;0;4.78
T002149;2025-07-20;S01;P017;C0129;5;5.92;2.96;0;16.83
T002150;2025-12-15;S06;P023;C0168;1;4.59;0.23;0;2.75
T002151;2025-06-26;S05;P024;C0004;2;5.29;0;0;6.46
T002152;2025-11-23;S04;P026;C0031;5;5.83;0;0;16.14
T002153;2025-09-08;S01;P001;C0033;4;1.4;0.84;0;3.48
T002154;2025-03-29;S06;P027;C0040;1;6.49;0;0;4.08
T002155;2025-09-25;S02;P027;C0186;5;7.28;0;0;22.81
T002156;2025-10-11;S04;P010;C0135;5;1.38;0;0;4.01
T002157;2025-08-15;S04;P020;C0167;1;1.92;0.29;0;1.24
T002158;2025-03-11;S05;P012;C0025;2;2.68;0.8;0;3.44
T002159;2025-09-25;S04;P011;C0158;1;2.22;0;0;1.24
T002160;2025-05-08;S06;P015;C0215;2;5.13;0;1;6.15
T002161;2025-11-20;S06;P009;C0114;3;7.23;0;0;12.86
T002162;2025-03-16;S02;P018;C0205;2;7.45;0;0;8.71
T002163;2025-04-17;S04;P008;C0151;4;6.41;0;0;16.34
T002164;2025-10-04;S03;P013;C0137;5;3.57;0.89;0;12.45
T002165;2025-03-16;S01;P012;C0105;2;2.86;0;1;3.27
T002166;2025-09-25;S03;P015;C0230;1;4.56;0;0;2.72
T002167;2025-06-23;S03;P004;C0070;5;3.62;0;0;12.69
T002168;2025-01-31;S03;P012;C0168;1;3.03;0;0;1.97
T002169;2025-09-12;S01;P014;C0104;3;4.11;0;0;7.99
T002170;2025-04-01;S03;P001;C0165;3;1.34;0;0;2.28
T002171;2025-01-21;S02;P023;C0129;1;4.19;0;0;2.35
T002172;2025-06-15;S02;P006;C0240;2;4.56;1.82;0;5.48
T002173;2025-04-24;S06;P023;C0121;5;4.01;0;0;11.57
T002174;2025-05-21;S03;P025;C0177;3;5.28;0;0;10.48
T002175;2025-01-17;S03;P010;C0155;5;1.24;0.31;0;4.33
T002176;2025-06-04;S01;P014;C0173;4;4.25;0;0;11.65
T002177;2025-07-03;S03;P020;C0219;3;2;0.3;0;4.24
T002178;2025-08-01;S04;P005;C0228;4;4.26;0;0;10.94
T002179;2025-07-23;S02;P005;C0038;1;3.86;0;0;2.65
T002180;2025-07-19;S04;P013;C0232;1;3.29;0.33;0;1.89
T002181;2025-03-01;S04;P026;C0076;2;6.34;0;1;8.6
T002182;2025-06-06;S04;P007;C0136;1;6.17;0;1;4.18
T002183;2025-07-03;S03;P006;C0065;1;4.97;0;0;3.14
T002184;2025-08-16;S01;P004;C0125;4;3.3;1.32;0;8.67
T002185;2025-05-04;S03;P013;C0006;5;3.46;0;0;9.76
T002186;2025-03-23;S05;P021;C0207;4;2.74;0.55;0;6.4
T002187;2025-05-22;S02;P004;C0233;4;3.49;0;0;9.75
T002188;2025-12-06;S03;P009;C0048;3;7.31;2.19;0;14.99
T002189;2025-02-25;S05;P022;C0084;2;3.57;0;0;4.22
T002190;2025-03-15;S05;P017;C0170;2;6.27;0;0;7.03
T002191;2025-05-03;S06;P005;C0029;2;4.58;0.92;0;5.33
T002192;2025-01-19;S06;P022;C0239;5;3.69;1.84;0;10.97
T002193;2025-01-04;S04;P013;C0084;5;3.39;0;0;11.49
T002194;2025-08-30;S04;P025;C0105;5;5.56;0;0;17.12
T002195;2025-03-06;S01;P017;C0151;5;6.14;4.6;0;21.57
T002196;2025-07-31;S04;P021;C0164;5;2.79;2.79;0;9.31
T002197;2025-04-11;S03;P011;C0132;1;2.22;0;0;1.27
T002198;2025-03-22;S03;P023;C0016;5;4.42;4.42;0;12.64
T002199;2025-11-12;S04;P010;C0037;4;1.45;0;0;3.91
T002200;2025-10-15;S02;P009;C0163;5;6.74;0;0;22.66
T002201;2025-04-15;S06;P028;C0119;2;1.26;0.38;0;1.73
T002202;2025-01-30;S06;P024;C0169;4;5.17;0;0;11.97
T002203;2025-04-14;S01;P025;C0133;5;5.41;1.35;0;18.42
T002204;2025-11-30;S01;P003;C0173;5;2.73;0;0;9.25
T002205;2025-01-29;S04;P028;C0097;2;1.44;0.29;0;2.01
T002206;2025-10-13;S03;P004;C0001;3;3.22;0;0;5.81
T002207;2025-10-25;S06;P011;C0109;3;2.2;0;0;4.3
T002208;2025-01-14;S01;P011;C0060;2;2.05;0;1;2.69
T002209;2025-12-13;S02;P003;C0195;4;2.97;0;0;7.45
T002210;2025-08-23;S02;P030;C0061;1;2.6;0;0;1.59
T002211;2025-07-08;S03;P003;C0135;1;2.96;0;0;1.68
T002212;2025-01-08;S04;P030;C0149;5;2.68;0;0;7.45
T002213;2025-05-27;S01;P013;C0224;1;3.65;0;0;2.41
T002214;2025-02-01;S04;P005;C0021;2;4.12;0;0;4.77
T002215;2025-01-28;S01;P017;C0013;5;6.7;0;0;20.36
T002216;2025-08-07;S01;P018;C0227;3;7.19;3.24;0;14.47
T002217;2025-09-17;S03;P016;C0002;4;5.7;2.28;0;15.39
T002218;2025-09-03;S06;P022;C0238;1;3.32;0;0;2.18
T002219;2025-05-14;S05;P026;C0144;1;6.76;0;0;3.99
T002220;2025-10-04;S02;P003;C0107;2;2.66;0;0;3.43
T002221;2025-02-17;S05;P004;C0033;2;3.45;0;0;4.29
T002222;2025-11-07;S05;P018;C0048;2;7.37;0;0;9.52
T002223;2025-12-29;S03;P018;C0010;1;7.16;0.72;0;4.26
T002224;2025-02-27;S04;P014;C0213;1;4.47;0.67;0;2.85
T002225;2025-09-19;S04;P023;C0161;3;4.29;0;0;8.7
T002226;2025-01-13;S04;P012;C0050;1;3.02;0;0;2.12
T002227;2025-02-24;S02;P018;C0058;1;6.57;0;0;4.59
T002228;2025-12-28;S02;P004;C0042;3;3.76;0;0;7.24
T002229;2025-09-25;S03;P009;C0187;5;7.2;0;0;19.96
T002230;2025-04-25;S02;P016;C0213;2;5.49;0;0;6.59
T002231;2025-10-12;S06;P004;C0235;1;3.71;0.56;0;2.62
T002232;2025-12-18;S03;P003;C0185;4;2.59;0;0;6.17
T002233;2025-03-31;S06;P018;C0089;1;6.99;0;0;4.6
T002234;2025-11-23;S01;P025;C0111;3;5.65;0.85;0;11.6
T002235;2025-09-10;S01;P014;C0165;3;4.14;0;0;7.28
T002236;2025-12-05;S06;P024;C0087;1;5.31;1.06;0;3.56
T002237;2025-08-22;S03;P029;C0150;3;2.09;0;0;4.21
T002238;2025-07-08;S05;P021;C0080;1;2.62;0.39;0;1.64
T002239;2025-01-02;S04;P002;C0078;4;1.89;0;0;5.11
T002240;2025-07-19;S01;P021;C0203;1;3.03;0;0;1.72
T002241;2025-02-19;S03;P016;C0088;3;5.19;3.11;0;9.23
T002242;2025-09-16;S03;P026;C0135;1;6.03;0.6;0;3.63
T002243;2025-07-27;S04;P005;C0201;3;4.51;0;0;8.08
T002244;2025-04-13;S01;P021;C0051;2;3.02;0;0;3.58
T002245;2025-10-16;S03;P001;C0087;2;1.31;0.13;0;1.45
T002246;2025-10-11;S03;P007;C0212;1;6;0.6;0;3.78
T002247;2025-05-11;S01;P005;C0066;4;4.28;0;0;10.41
T002248;2025-10-09;S03;P002;C0230;2;2.04;0;0;2.46
T002249;2025-01-01;S04;P001;C0223;3;1.46;0;0;2.51
T002250;2025-09-10;S06;P012;C0049;1;2.95;0;0;2
T002251;2025-04-29;S03;P008;C0230;1;6.82;0;0;4.52
T002252;2025-04-09;S05;P022;C0038;3;3.82;0;0;8.13
T002253;2025-06-07;S05;P020;C0010;1;1.94;0.1;0;1.09
T002254;2025-04-02;S06;P025;C0229;5;5.24;2.62;0;15.41
T002255;2025-06-04;S02;P011;C0093;3;1.94;1.16;0;3.99
T002256;2025-10-04;S03;P008;C0089;2;6.31;0;0;7.4
T002257;2025-08-20;S03;P025;C0201;5;5.7;0;0;18.95
T002258;2025-01-07;S01;P012;C0214;1;2.59;0.39;0;1.57
T002259;2025-03-26;S06;P008;C0124;4;6.14;4.91;0;14.28
T002260;2025-04-27;S05;P022;C0027;4;3.65;0;0;9.14
T002261;2025-04-13;S01;P006;C0064;2;5.37;0;0;6.66
T002262;2025-06-28;S05;P029;C0186;1;2.02;0.4;0;1.25
T002263;2025-10-15;S01;P024;C0195;1;5.21;0;0;3.22
T002264;2025-04-25;S06;P016;C0110;4;5.58;0;0;14.64
T002265;2025-05-19;S04;P001;C0125;1;1.26;0.25;0;0.89
T002266;2025-05-20;S01;P007;C0055;4;5.28;0;0;11.93
T002267;2025-04-22;S04;P024;C0010;1;5.16;0;0;3.38
T002268;2025-02-18;S04;P020;C0150;5;2;1;0;6.68
T002269;2025-08-07;S02;P030;C0206;4;2.94;0;0;7.77
T002270;2025-03-08;S06;P011;C0105;1;2.21;0;0;1.27
T002271;2025-11-27;S06;P011;C0011;5;2.17;0;0;6.39
T002272;2025-06-21;S06;P029;C0122;5;2.04;0;0;7.16
T002273;2025-06-19;S03;P009;C0043;2;7.55;0.76;0;10.47
T002274;2025-05-03;S03;P007;C0058;4;5.68;0;0;13.74
T002275;2025-01-01;S06;P003;C0031;4;2.63;0;0;6.94
T002276;2025-04-10;S04;P026;C0018;4;6.27;3.76;0;16.87
T002277;2025-04-18;S05;P007;C0192;5;5.54;1.39;0;15.41
T002278;2025-09-15;S06;P016;C0105;4;5.86;0;0;15.69
T002279;2025-01-16;S03;P024;C0068;5;5.11;2.56;0;16.37
T002280;2025-03-13;S03;P016;C0044;2;5.27;0;0;7.35
T002281;2025-04-10;S01;P011;C0200;2;2.1;0.84;0;2.77
T002282;2025-08-22;S03;P002;C0012;1;1.98;0;0;1.36
T002283;2025-11-02;S04;P024;C0139;2;5.21;0;0;5.99
T002284;2025-07-14;S01;P026;C0225;5;6.93;0;0;19.5
T002285;2025-05-13;S04;P015;C0164;2;4.94;0;0;5.88
T002286;2025-07-02;S04;P030;C0217;4;2.97;0;0;7.78
T002287;2025-08-01;S03;P030;C0218;3;2.6;0.78;0;4.84
T002288;2025-06-18;S06;P005;C0217;1;4.34;0.43;0;2.79
T002289;2025-05-01;S01;P018;C0126;5;6.63;0;0;18.92
T002290;2025-01-03;S02;P028;C0240;3;1.28;0;0;2.68
T002291;2025-10-21;S01;P007;C0003;3;6.12;0;0;12.76
T002292;2025-12-15;S03;P003;C0210;4;2.69;0;0;7.52
T002293;2025-06-25;S04;P014;C0133;1;3.92;0.78;0;2.53
T002294;2025-08-06;S06;P019;C0057;4;1.26;0;1;3.4
T002295;2025-04-22;S06;P008;C0168;5;6.66;0;0;19.63
T002296;2025-12-21;S01;P016;C0024;1;5.89;0;0;3.37
T002297;2025-09-29;S02;P027;C0033;5;7.04;0;0;21.92
T002298;2025-06-09;S04;P014;C0111;3;3.87;0;0;7.75
T002299;2025-07-17;S06;P025;C0114;4;5.73;0;0;15.66
T002300;2025-04-19;S01;P020;C0080;5;2.19;0;0;6.69
T002301;2025-07-07;S01;P029;C0063;2;1.98;0.2;1;2.19
T002302;2025-01-16;S02;P030;C0005;2;2.56;0;0;3.03
T002303;2025-04-30;S03;P003;C0024;5;2.93;1.47;0;9.46
T002304;2025-11-21;S02;P013;C0011;2;3.21;0.64;0;4.5
T002305;2025-01-30;S06;P009;C0151;4;7.29;0;0;20.54
T002306;2025-03-26;S04;P021;C0118;5;3.02;1.51;0;9.64
T002307;2025-06-23;S01;P023;C0098;2;4.21;1.68;0;4.85
T002308;2025-01-19;S02;P004;C0038;4;3.45;0;0;9.68
T002309;2025-05-13;S05;P024;C0112;5;5.38;0;0;14.81
T002310;2025-10-11;S06;P024;C0161;1;5.13;0;0;3.16
T002311;2025-02-24;S05;P004;C0103;1;3.5;0;0;2.4
T002312;2025-05-01;S03;P011;C0228;3;2.15;0.32;0;4.42
T002313;2025-09-24;S03;P022;C0131;5;3.73;0;0;11.62
T002314;2025-03-26;S01;P028;C0173;2;1.37;0.14;1;1.52
T002315;2025-10-07;S03;P005;C0076;2;4.55;0;0;5.8
T002316;2025-07-18;S01;P008;C0093;1;6.58;0;0;3.65
T002317;2025-05-14;S03;P009;C0129;2;7.02;1.4;0;8.86
T002318;2025-04-02;S01;P011;C0172;2;2.19;0.66;0;3.08
T002319;2025-07-05;S05;P017;C0141;2;6.83;2.05;0;8.66
T002320;2025-01-20;S02;P003;C0067;1;2.57;0;0;1.75
T002321;2025-04-11;S01;P023;C0069;3;4.34;0;0;7.73
T002322;2025-07-30;S04;P006;C0051;4;5.25;1.05;0;13.95
T002323;2025-08-22;S02;P024;C0085;1;4.55;0;0;3.07
T002324;2025-03-23;S01;P025;C0172;3;5.78;3.47;0;9.77
T002325;2025-02-13;S04;P024;C0227;4;4.59;2.75;1;12.19
T002326;2025-01-25;S05;P004;C0063;5;3.27;0;0;10.44
T002327;2025-12-17;S06;P007;C0215;4;5.46;2.18;0;12.61
T002328;2025-04-25;S05;P024;C0057;5;4.58;4.58;0;15.73
T002329;2025-06-09;S01;P009;C0200;5;6.88;0;0;20.17
T002330;2025-12-03;S01;P020;C0066;3;1.9;0;0;3.78
T002331;2025-07-10;S04;P017;C0186;4;6.21;0;0;14.38
T002332;2025-09-22;S01;P009;C0042;3;6.78;0;0;11.9
T002333;2025-02-24;S02;P009;C0056;5;7.4;0;0;24.99
T002334;2025-02-10;S06;P014;C0232;2;4.29;0;0;5.03
T002335;2025-08-11;S05;P005;C0154;1;4.43;0.22;0;3.08
T002336;2025-12-25;S04;P023;C0218;5;4.35;0;0;13.93
T002337;2025-01-31;S04;P017;C0201;3;6.3;0;0;12.77
T002338;2025-08-14;S03;P021;C0230;1;2.95;0;0;1.79
T002339;2025-05-19;S01;P003;C0109;3;2.65;0.8;0;4.65
T002340;2025-09-19;S01;P005;C0042;4;4.22;2.53;0;10.16
T002341;2025-03-26;S03;P002;C0239;2;2.01;0;0;2.49
T002342;2025-07-18;S06;P006;C0068;3;4.66;0;0;9.83
T002343;2025-03-06;S02;P017;C0166;2;6.59;0.66;0;7.47
T002344;2025-07-29;S01;P012;C0070;4;2.81;0;0;7.64
T002345;2025-07-02;S06;P025;C0163;5;5.91;1.48;0;19.39
T002346;2025-09-19;S04;P013;C0100;3;3.71;0.56;0;6.85
T002347;2025-02-24;S06;P029;C0044;4;1.97;0;0;5.2
T002348;2025-11-25;S01;P019;C0121;5;1.34;0;0;4.46
T002349;2025-03-19;S04;P028;C0168;3;1.28;0;1;2.67
T002350;2025-11-22;S05;P022;C0096;3;3.37;0;0;5.99
T002351;2025-09-19;S03;P007;C0193;2;5.71;0;1;6.87
T002352;2025-12-27;S06;P008;C0097;3;6.68;0;1;13.69
T002353;2025-03-15;S06;P006;C0021;2;5.28;0;0;6.76
T002354;2025-07-07;S04;P021;C0180;5;2.95;2.21;0;8.21
T002355;2025-12-18;S01;P008;C0190;5;6.46;4.84;1;18.31
T002356;2025-02-19;S03;P006;C0149;3;4.82;0;0;8.56
T002357;2025-01-14;S02;P005;C0094;1;4.42;0;0;2.74
T002358;2025-06-21;S01;P017;C0067;2;6.54;0;1;8.35
T002359;2025-11-09;S06;P003;C0097;3;2.91;0;0;5.84
T002360;2025-05-07;S03;P026;C0124;3;6.29;0;0;12.61
T002361;2025-08-12;S05;P026;C0033;1;6.44;0.32;0;3.69
T002362;2025-01-13;S05;P009;C0233;4;7.72;6.18;0;19.26
T002363;2025-06-09;S05;P019;C0194;1;1.39;0;0;0.79
T002364;2025-04-30;S02;P025;C0011;3;5.98;0.9;0;11.79
T002365;2025-08-28;S01;P010;C0074;5;1.27;0.64;0;4.01
T002366;2025-09-13;S02;P022;C0004;1;3.8;0;0;2.15
T002367;2025-07-20;S04;P008;C0153;2;5.92;1.18;0;7.83
T002368;2025-02-25;S04;P014;C0053;4;4.12;0;0;9.16
T002369;2025-01-04;S05;P001;C0135;2;1.24;0;1;1.68
T002370;2025-09-17;S04;P017;C0160;2;6.72;0;0;8.49
T002371;2025-07-28;S06;P004;C0112;5;3.25;0.81;0;9.72
T002372;2025-05-31;S01;P027;C0089;1;7.1;0.35;0;4.87
T002373;2025-12-08;S06;P003;C0190;5;2.6;0;0;8.52
T002374;2025-11-24;S05;P004;C0176;2;3.79;0;0;5.24
T002375;2025-06-21;S05;P008;C0040;5;6.34;0;0;22.46
T002376;2025-02-04;S05;P029;C0188;4;2.11;0;0;5.81
T002377;2025-03-08;S02;P003;C0114;3;2.59;0;0;4.3
T002378;2025-08-03;S05;P030;C0017;1;2.82;0.56;0;1.68
T002379;2025-08-07;S04;P016;C0176;1;5.9;0;1;3.62
T002380;2025-03-09;S04;P027;C0214;2;6.91;0;0;7.9
T002381;2025-03-08;S04;P010;C0039;1;1.43;0.29;0;0.85
T002382;2025-05-11;S05;P026;C0079;3;6.07;1.82;0;12.16
T002383;2025-09-20;S06;P026;C0199;5;6;0;0;20.5
T002384;2025-12-20;S04;P012;C0084;5;2.97;0;0;8.81
T002385;2025-11-06;S01;P013;C0182;2;3.36;1.01;0;4.7
T002386;2025-03-26;S03;P019;C0050;3;1.27;0.19;0;2.31
T002387;2025-09-09;S03;P023;C0054;3;4.12;0;0;7.13
T002388;2025-08-05;S03;P013;C0093;3;3.53;2.12;0;6.23
T002389;2025-12-27;S06;P019;C0095;5;1.27;0.95;0;3.87
T002390;2025-09-25;S02;P012;C0164;2;2.9;0.87;0;3.72
T002391;2025-06-15;S04;P024;C0208;2;5.19;0;0;7.36
T002392;2025-02-25;S02;P019;C0117;1;1.31;0.13;0;0.93
T002393;2025-05-24;S03;P007;C0112;4;5.33;2.13;0;14.92
T002394;2025-07-28;S01;P020;C0152;2;2.03;0.2;0;2.71
T002395;2025-03-03;S03;P011;C0110;3;1.97;0;0;3.28
T002396;2025-07-23;S03;P019;C0193;2;1.36;0;1;1.63
T002397;2025-07-20;S01;P005;C0184;4;3.88;1.55;0;9.77
T002398;2025-12-09;S04;P002;C0006;5;2.25;0;0;6.51
T002399;2025-11-26;S01;P028;C0014;2;1.34;0.27;0;1.67
T002400;2025-08-28;S02;P015;C0093;3;5.33;0;0;11.02
T000018;2025-04-18;S01;P018;C0195;3;7.2;0;0;14.06
T900001;2025-05-12;S02;P999;C0003;2;3.25;0;0;3.8
T900002;2025-07-04;S99;P004;C0010;1;4.1;0;0;2.3
T900003;2025-08-09;S04;P007;C9999;2;2.9;0;0;3.2
T900004;2025-10-11;S03;P011;C0025;0;5.2;0;0;0
T900005;2026-02-01;S01;P015;C0030;1;6.4;0;0;3.8
